scraped_at,bank,pair,base_currency,quote_currency,bid,ask,mid,spread,raw_bid,raw_ask,raw_quoted_per_units,rate_date,source_bank_label,weekend_flag
2026-09-01T13:49:34+02:00,DNB,NOK/SEK,NOK,SEK,1.0192,1.0332,1.0262,0.014,101.92,103.32,100,2026-09-01,Norge,0
2026-09-01T13:49:34+02:00,DNB,USD/SEK,USD,SEK,9.5372,9.6432,9.5902,0.106,9.5372,9.6432,1,2026-09-01,USA,0
2026-09-01T13:49:34+02:00,DNB,EUR/SEK,EUR,SEK,11.0675,11.1925,11.13,0.125,11.0675,11.1925,1,2026-09-01,Europeiska unionen,0
2026-09-01T13:49:34+02:00,DNB,DKK/SEK,DKK,SEK,1.4813,1.4963,1.4888,0.015,148.13,149.63,100,2026-09-01,Danmark,0
2026-09-01T13:49:34+02:00,DNB,GBP/SEK,GBP,SEK,12.9152,13.0612,12.9882,0.146,12.9152,13.0612,1,2026-09-01,Storbritannien,0
2026-09-01T13:49:34+02:00,DNB,CHF/SEK,CHF,SEK,11.7919,11.9039,11.8479,0.112,1179.19,1190.39,100,2026-09-01,Schweiz,0
2026-09-01T13:49:34+02:00,DNB,JPY/SEK,JPY,SEK,0.059448999999999995,0.060449,0.059949,0.001,5.9449,6.0449,100,2026-09-01,Japan,0
2026-09-01T13:49:34+02:00,DNB,AED/SEK,AED,SEK,2.5902,2.6342,2.6122,0.044,2.5902,2.6342,1,2026-09-01,Arabemirater,0
2026-09-01T13:49:34+02:00,DNB,AUD/SEK,AUD,SEK,6.8311,6.9161,6.8736,0.085,6.8311,6.9161,1,2026-09-01,Australien,0
2026-09-01T13:49:34+02:00,DNB,BHD/SEK,BHD,SEK,25.2687,25.6687,25.4687,0.4,25.2687,25.6687,1,2026-09-01,Bahrain,0
2026-09-01T13:49:34+02:00,DNB,BWP/SEK,BWP,SEK,0.7374,0.7674,0.7524,0.03,0.7374,0.7674,1,2026-09-01,Botswana,0
2026-09-01T13:49:34+02:00,DNB,PHP/SEK,PHP,SEK,0.1512,0.1566,0.1539,0.0054,15.12,15.66,100,2026-09-01,Filippinerna,0
2026-09-01T13:49:34+02:00,DNB,HKD/SEK,HKD,SEK,1.2113,1.2353,1.2233,0.024,1.2113,1.2353,1,2026-09-01,Hong Kong,0
2026-09-01T13:49:34+02:00,DNB,INR/SEK,INR,SEK,0.099,0.1034,0.1012,0.0044,0.099,0.1034,1,2026-09-01,Indien,0
2026-09-01T13:49:34+02:00,DNB,IDR/SEK,IDR,SEK,0.00053,0.000554,0.000542,2.4e-05,0.053,0.0554,100,2026-09-01,Indonesien,0
2026-09-01T13:49:34+02:00,DNB,ISK/SEK,ISK,SEK,0.078072,0.080672,0.079372,0.0026,7.8072,8.0672,100,2026-09-01,Island,0
2026-09-01T13:49:34+02:00,DNB,ILS/SEK,ILS,SEK,3.1788,3.2388,3.2088,0.06,3.1788,3.2388,1,2026-09-01,Israel,0
2026-09-01T13:49:34+02:00,DNB,CAD/SEK,CAD,SEK,6.8716,6.9616,6.9166,0.09,6.8716,6.9616,1,2026-09-01,Kanada,0
2026-09-01T13:49:34+02:00,DNB,KES/SEK,KES,SEK,0.073078,0.076078,0.074578,0.003,7.3078,7.6078,100,2026-09-01,Kenya,0
2026-09-01T13:49:34+02:00,DNB,CNH/SEK,CNH,SEK,1.4118000000000002,1.4418,1.4268,0.03,141.18,144.18,100,2026-09-01,Kina,0
2026-09-01T13:49:34+02:00,DNB,CNY/SEK,CNY,SEK,1.4128,1.4428,1.4278,0.03,141.28,144.28,100,2026-09-01,Kina,0
2026-09-01T13:49:34+02:00,DNB,KWD/SEK,KWD,SEK,31.1792,31.6792,31.4292,0.5,31.1792,31.6792,1,2026-09-01,Kuwait,0
2026-09-01T13:49:34+02:00,DNB,MAD/SEK,MAD,SEK,1.0119,1.0559,1.0339,0.044,101.19,105.59,100,2026-09-01,Marocko,0
2026-09-01T13:49:34+02:00,DNB,MXN/SEK,MXN,SEK,0.5575,0.5715,0.5645,0.014,55.75,57.15,100,2026-09-01,Mexiko,0
2026-09-01T13:49:34+02:00,DNB,NZD/SEK,NZD,SEK,5.6234,5.7054,5.6644,0.082,5.6234,5.7054,1,2026-09-01,Nya Zeeland,0
2026-09-01T13:49:34+02:00,DNB,OMR/SEK,OMR,SEK,24.74,25.14,24.94,0.4,24.74,25.14,1,2026-09-01,Oman,0
2026-09-01T13:49:34+02:00,DNB,PKR/SEK,PKR,SEK,0.0338,0.0354,0.0346,0.0016,0.0338,0.0354,1,2026-09-01,Pakistan,0
2026-09-01T13:49:34+02:00,DNB,PLN/SEK,PLN,SEK,2.5496,2.5946,2.5721,0.045,254.96,259.46,100,2026-09-01,Polen,0
2026-09-01T13:49:34+02:00,DNB,QAR/SEK,QAR,SEK,2.611,2.655,2.633,0.044,2.611,2.655,1,2026-09-01,Qatar,0
2026-09-01T13:49:34+02:00,DNB,RON/SEK,RON,SEK,2.0936000000000003,2.1456,2.1196,0.052,209.36,214.56,100,2026-09-01,Rumänien,0
2026-09-01T13:49:34+02:00,DNB,SAR/SEK,SAR,SEK,2.5336,2.5736,2.5536,0.04,2.5336,2.5736,1,2026-09-01,Saudiarabien,0
2026-09-01T13:49:34+02:00,DNB,SGD/SEK,SGD,SEK,7.499,7.583,7.541,0.084,7.499,7.583,1,2026-09-01,Singapore,0
2026-09-01T13:49:34+02:00,DNB,LKR/SEK,LKR,SEK,0.0285,0.0301,0.0293,0.0016,2.85,3.01,100,2026-09-01,Sri Lanka,0
2026-09-01T13:49:34+02:00,DNB,ZAR/SEK,ZAR,SEK,0.5821,0.6081,0.5951,0.026,0.5821,0.6081,1,2026-09-01,Sydafrika,0
2026-09-01T13:49:34+02:00,DNB,KRW/SEK,KRW,SEK,0.006902,0.007102000000000001,0.007002,0.0002,0.6902,0.7102,100,2026-09-01,Sydkorea,0
2026-09-01T13:49:34+02:00,DNB,TZS/SEK,TZS,SEK,0.0035809999999999995,0.003721,0.003651,0.00014,0.3581,0.3721,100,2026-09-01,Tanzania,0
2026-09-01T13:49:34+02:00,DNB,THB/SEK,THB,SEK,0.28559999999999997,0.2926,0.2891,0.007,28.56,29.26,100,2026-09-01,Thailand,0
2026-09-01T13:49:34+02:00,DNB,CZK/SEK,CZK,SEK,0.4573,0.4639,0.4606,0.0066,45.73,46.39,100,2026-09-01,Tjeckien,0
2026-09-01T13:49:34+02:00,DNB,TND/SEK,TND,SEK,3.2682,3.3682,3.3182,0.1,3.2682,3.3682,1,2026-09-01,Tunisien,0
2026-09-01T13:49:34+02:00,DNB,TRY/SEK,TRY,SEK,0.1937,0.20370000000000002,0.1987,0.01,19.37,20.37,100,2026-09-01,Turkiet,0
2026-09-01T13:49:34+02:00,DNB,HUF/SEK,HUF,SEK,0.03009,0.03079,0.03044,0.0007,3.009,3.079,100,2026-09-01,Ungern,0
2026-09-01T13:49:34+02:00,Nordea,AED/SEK,AED,SEK,2.5745,2.6457,2.6101,0.0712,2.5745,2.6457,1,2026-09-01,,0
2026-09-01T13:49:34+02:00,Nordea,AUD/SEK,AUD,SEK,6.7828,6.9185,6.85065,0.1357,6.7828,6.9185,1,2026-09-01,,0
2026-09-01T13:49:34+02:00,Nordea,BDT/SEK,BDT,SEK,0.075292,0.080709,0.078001,0.005417,0.075292,0.080709,1,2026-09-01,,0
2026-09-01T13:49:34+02:00,Nordea,BHD/SEK,BHD,SEK,25.0796,25.7774,25.4285,0.6978,25.0796,25.7774,1,2026-09-01,,0
2026-09-01T13:49:34+02:00,Nordea,CAD/SEK,CAD,SEK,6.8426,6.9794,6.911,0.1368,6.8426,6.9794,1,2026-09-01,,0
2026-09-01T13:49:34+02:00,Nordea,CHF/SEK,CHF,SEK,11.7181,11.9525,11.8353,0.2344,11.7181,11.9525,1,2026-09-01,,0
2026-09-01T13:49:34+02:00,Nordea,CNH/SEK,CNH,SEK,1.4064,1.4453,1.42585,0.0389,1.4064,1.4453,1,2026-09-01,,0
2026-09-01T13:49:34+02:00,Nordea,CNY/SEK,CNY,SEK,1.39688,1.45525,1.426065,0.05837,1.39688,1.45525,1,2026-09-01,,0
2026-09-01T13:49:34+02:00,Nordea,CZK/SEK,CZK,SEK,0.45542,0.46466,0.46004,0.00924,0.45542,0.46466,1,2026-09-01,,0
2026-09-01T13:49:34+02:00,Nordea,DKK/SEK,DKK,SEK,1.47218,1.50137,1.486775,0.02919,1.47218,1.50137,1,2026-09-01,,0
2026-09-01T13:49:34+02:00,Nordea,EGP/SEK,EGP,SEK,0.1823,0.1939,0.1881,0.0116,0.1823,0.1939,1,2026-09-01,,0
2026-09-01T13:49:34+02:00,Nordea,EUR/SEK,EUR,SEK,11.0095,11.2277,11.1186,0.2182,11.0095,11.2277,1,2026-09-01,,0
2026-09-01T13:49:34+02:00,Nordea,GBP/SEK,GBP,SEK,12.8511,13.108,12.97955,0.2569,12.8511,13.108,1,2026-09-01,,0
2026-09-01T13:49:34+02:00,Nordea,GIP/SEK,GIP,SEK,12.843434,13.11511,12.979272,0.271676,12.843434,13.11511,1,2026-09-01,,0
2026-09-01T13:49:34+02:00,Nordea,HKD/SEK,HKD,SEK,1.20604,1.23937,1.222705,0.03333,1.20604,1.23937,1,2026-09-01,,0
2026-09-01T13:49:34+02:00,Nordea,HUF/SEK,HUF,SEK,0.030022,0.030632,0.030327,0.00061,0.030022,0.030632,1,2026-09-01,,0
2026-09-01T13:49:34+02:00,Nordea,IDR/SEK,IDR,SEK,0.0005298,0.0005519,0.000541,2.2e-05,0.0005298,0.0005519,1,2026-09-01,,0
2026-09-01T13:49:34+02:00,Nordea,ILS/SEK,ILS,SEK,3.1432,3.2313,3.18725,0.0881,3.1432,3.2313,1,2026-09-01,,0
2026-09-01T13:49:34+02:00,Nordea,INR/SEK,INR,SEK,0.09893,0.10301,0.10097,0.00408,0.09893,0.10301,1,2026-09-01,,0
2026-09-01T13:49:34+02:00,Nordea,ISK/SEK,ISK,SEK,0.0774,0.0807,0.07905,0.0033,0.0774,0.0807,1,2026-09-01,,0
2026-09-01T13:49:34+02:00,Nordea,JPY/SEK,JPY,SEK,0.059316,0.0605,0.059908,0.001184,0.059316,0.0605,1,2026-09-01,,0
2026-09-01T13:49:34+02:00,Nordea,KES/SEK,KES,SEK,0.0725,0.0756,0.07405,0.0031,0.0725,0.0756,1,2026-09-01,,0
2026-09-01T13:49:34+02:00,Nordea,KRW/SEK,KRW,SEK,0.006851,0.007105,0.006978,0.000254,0.006851,0.007105,1,2026-09-01,,0
2026-09-01T13:49:34+02:00,Nordea,KWD/SEK,KWD,SEK,30.5659,31.4574,31.01165,0.8915,30.5659,31.4574,1,2026-09-01,,0
2026-09-01T13:49:34+02:00,Nordea,KZT/SEK,KZT,SEK,0.020532,0.021387,0.020959,0.000855,0.020532,0.021387,1,2026-09-01,,0
2026-09-01T13:49:34+02:00,Nordea,LKR/SEK,LKR,SEK,0.028355,0.030127,0.029241,0.001772,0.028355,0.030127,1,2026-09-01,,0
2026-09-01T13:49:34+02:00,Nordea,MAD/SEK,MAD,SEK,1.0089,1.0509,1.0299,0.042,1.0089,1.0509,1,2026-09-01,,0
2026-09-01T13:49:34+02:00,Nordea,MXN/SEK,MXN,SEK,0.55616,0.57157,0.563865,0.01541,0.55616,0.57157,1,2026-09-01,,0
2026-09-01T13:49:34+02:00,Nordea,MYR/SEK,MYR,SEK,2.3477,2.3995,2.3736,0.0518,2.3477,2.3995,1,2026-09-01,,0
2026-09-01T13:49:34+02:00,Nordea,NOK/SEK,NOK,SEK,1.01685,1.03735,1.0271,0.0205,1.01685,1.03735,1,2026-09-01,,0
2026-09-01T13:49:34+02:00,Nordea,NZD/SEK,NZD,SEK,5.5981,5.7103,5.6542,0.1122,5.5981,5.7103,1,2026-09-01,,0
2026-09-01T13:49:34+02:00,Nordea,PEN/SEK,PEN,SEK,2.786438,2.90221,2.844324,0.115772,2.786438,2.90221,1,2026-09-01,,0
2026-09-01T13:49:34+02:00,Nordea,PHP/SEK,PHP,SEK,0.1505,0.1568,0.15365,0.0063,0.1505,0.1568,1,2026-09-01,,0
2026-09-01T13:49:34+02:00,Nordea,PKR/SEK,PKR,SEK,0.0334,0.0356,0.0345,0.0022,0.0334,0.0356,1,2026-09-01,,0
2026-09-01T13:49:34+02:00,Nordea,PLN/SEK,PLN,SEK,2.539,2.5895,2.56425,0.0505,2.539,2.5895,1,2026-09-01,,0
2026-09-01T13:49:34+02:00,Nordea,QAR/SEK,QAR,SEK,2.5758,2.6833,2.62955,0.1075,2.5758,2.6833,1,2026-09-01,,0
2026-09-01T13:49:34+02:00,Nordea,RON/SEK,RON,SEK,2.0929,2.1349,2.1139,0.042,2.0929,2.1349,1,2026-09-01,,0
2026-09-01T13:49:34+02:00,Nordea,RSD/SEK,RSD,SEK,0.092717,0.096716,0.094716,0.003999,0.092717,0.096716,1,2026-09-01,,0
2026-09-01T13:49:34+02:00,Nordea,SAR/SEK,SAR,SEK,2.5184,2.5884,2.5534,0.07,2.5184,2.5884,1,2026-09-01,,0
2026-09-01T13:49:34+02:00,Nordea,SGD/SEK,SGD,SEK,7.4551,7.6041,7.5296,0.149,7.4551,7.6041,1,2026-09-01,,0
2026-09-01T13:49:34+02:00,Nordea,THB/SEK,THB,SEK,0.28442,0.2923,0.28836,0.00788,0.28442,0.2923,1,2026-09-01,,0
2026-09-01T13:49:34+02:00,Nordea,TND/SEK,TND,SEK,3.2131,3.3617,3.2874,0.1486,3.2131,3.3617,1,2026-09-01,,0
2026-09-01T13:49:34+02:00,Nordea,TRY/SEK,TRY,SEK,0.1944,0.2024,0.1984,0.008,0.1944,0.2024,1,2026-09-01,,0
2026-09-01T13:49:34+02:00,Nordea,USD/SEK,USD,SEK,9.4922,9.6816,9.5869,0.1894,9.4922,9.6816,1,2026-09-01,,0
2026-09-01T13:49:34+02:00,Nordea,ZAR/SEK,ZAR,SEK,0.58737,0.59982,0.593595,0.01245,0.58737,0.59982,1,2026-09-01,,0
2026-09-01T13:49:34+02:00,SEB,AED/SEK,AED,SEK,2.5861,2.6338,2.60995,0.0477,2.5861,2.6338,1,2026-09-01,United Arab Emirates,0
2026-09-01T13:49:34+02:00,SEB,AFN/SEK,AFN,SEK,0.1475,0.1498,0.14865,0.0023,0.1475,0.1498,1,2026-09-01,Afghanistan,0
2026-09-01T13:49:34+02:00,SEB,ALL/SEK,ALL,SEK,0.1188,0.122,0.1204,0.0032,0.1188,0.122,1,2026-09-01,Albania,0
2026-09-01T13:49:34+02:00,SEB,AMD/SEK,AMD,SEK,0.026,0.0268,0.0264,0.0008,0.026,0.0268,1,2026-09-01,Armenia,0
2026-09-01T13:49:34+02:00,SEB,ANG/SEK,ANG,SEK,5.2352,5.4047,5.31995,0.1695,5.2352,5.4047,1,2026-09-01,Netherland Antilles,0
2026-09-01T13:49:34+02:00,SEB,AOA/SEK,AOA,SEK,0.0102,0.0106,0.0104,0.0004,0.0102,0.0106,1,2026-09-01,Angola,0
2026-09-01T13:49:34+02:00,SEB,ARS/SEK,ARS,SEK,0.006279,0.00642,0.00635,0.000141,0.006279,0.00642,1,2026-09-01,Argentina,0
2026-09-01T13:49:34+02:00,SEB,AUD/SEK,AUD,SEK,6.80826,6.89189,6.850075,0.08363,6.80826,6.89189,1,2026-09-01,Australia,0
2026-09-01T13:49:34+02:00,SEB,AWG/SEK,AWG,SEK,5.29,5.42,5.355,0.13,5.29,5.42,1,2026-09-01,Aruba,0
2026-09-01T13:49:34+02:00,SEB,AZN/SEK,AZN,SEK,5.58,5.7,5.64,0.12,5.58,5.7,1,2026-09-01,Azerbaijan,0
2026-09-01T13:49:34+02:00,SEB,BAM/SEK,BAM,SEK,5.6363,5.7185,5.6774,0.0822,5.6363,5.7185,1,2026-09-01,Bosnia Herzegovina,0
2026-09-01T13:49:34+02:00,SEB,BBD/SEK,BBD,SEK,4.6934,4.827,4.7602,0.1336,4.6934,4.827,1,2026-09-01,Barbados,0
2026-09-01T13:49:34+02:00,SEB,BDT/SEK,BDT,SEK,0.0773,0.0791,0.0782,0.0018,0.0773,0.0791,1,2026-09-01,Bangladesh,0
2026-09-01T13:49:34+02:00,SEB,BHD/SEK,BHD,SEK,24.9137,25.9415,25.4276,1.0278,24.9137,25.9415,1,2026-09-01,Bahrain,0
2026-09-01T13:49:34+02:00,SEB,BIF/SEK,BIF,SEK,0.003166,0.00324,0.003203,7.4e-05,0.003166,0.00324,1,2026-09-01,Burundi,0
2026-09-01T13:49:34+02:00,SEB,BMD/SEK,BMD,SEK,9.5272,9.6457,9.58645,0.1185,9.5272,9.6457,1,2026-09-01,Bermuda,0
2026-09-01T13:49:34+02:00,SEB,BND/SEK,BND,SEK,7.483,7.5764,7.5297,0.0934,7.483,7.5764,1,2026-09-01,Brunei,0
2026-09-01T13:49:34+02:00,SEB,BOB/SEK,BOB,SEK,0.7946,0.8146,0.8046,0.02,0.7946,0.8146,1,2026-09-01,Bolivia,0
2026-09-01T13:49:34+02:00,SEB,BRL/SEK,BRL,SEK,1.795893,1.900303,1.848098,0.10441,1.795893,1.900303,1,2026-09-01,Brazil,0
2026-09-01T13:49:34+02:00,SEB,BSD/SEK,BSD,SEK,9.5272,9.6457,9.58645,0.1185,9.5272,9.6457,1,2026-09-01,Bahamas,0
2026-09-01T13:49:34+02:00,SEB,BWP/SEK,BWP,SEK,0.6395,0.7508,0.69515,0.1113,0.6395,0.7508,1,2026-09-01,Botswana,0
2026-09-01T13:49:34+02:00,SEB,BYN/SEK,BYN,SEK,3.0784,3.1321,3.10525,0.0537,3.0784,3.1321,1,2026-09-01,Belarus,0
2026-09-01T13:49:34+02:00,SEB,BZD/SEK,BZD,SEK,4.7117,4.8219,4.7668,0.1102,4.7117,4.8219,1,2026-09-01,Belize,0
2026-09-01T13:49:34+02:00,SEB,CAD/SEK,CAD,SEK,6.8666,6.9511,6.90885,0.0845,6.8666,6.9511,1,2026-09-01,Canada,0
2026-09-01T13:49:34+02:00,SEB,CDF/SEK,CDF,SEK,0.004142,0.004212,0.004177,7e-05,0.004142,0.004212,1,2026-09-01,Congo (Dem Rep),0
2026-09-01T13:49:34+02:00,SEB,CHF/SEK,CHF,SEK,11.7699,11.9145,11.8422,0.1446,11.7699,11.9145,1,2026-09-01,Switzerland,0
2026-09-01T13:49:34+02:00,SEB,CLP/SEK,CLP,SEK,0.01013985,0.01033317,0.010237,0.000193,0.01013985,0.01033317,1,2026-09-01,Chile,0
2026-09-01T13:49:34+02:00,SEB,CNY/SEK,CNY,SEK,1.4142,1.4374,1.4258,0.0232,1.4142,1.4374,1,2026-09-01,China,0
2026-09-01T13:49:34+02:00,SEB,COP/SEK,COP,SEK,0.00293764,0.00300775,0.002973,7e-05,0.00293764,0.00300775,1,2026-09-01,Colombia,0
2026-09-01T13:49:34+02:00,SEB,CRC/SEK,CRC,SEK,0.0207,0.0216,0.02115,0.0009,0.0207,0.0216,1,2026-09-01,Costa Rica,0
2026-09-01T13:49:34+02:00,SEB,CUP/SEK,CUP,SEK,0.397005,0.401863,0.399434,0.004858,0.397005,0.401863,1,2026-09-01,Cuba,0
2026-09-01T13:49:34+02:00,SEB,CVE/SEK,CVE,SEK,0.0996,0.1015,0.10055,0.0019,0.0996,0.1015,1,2026-09-01,Cap Verde,0
2026-09-01T13:49:34+02:00,SEB,CZK/SEK,CZK,SEK,0.45611,0.46456,0.460335,0.00845,0.45611,0.46456,1,2026-09-01,Czech rep,0
2026-09-01T13:49:34+02:00,SEB,DJF/SEK,DJF,SEK,0.0533,0.0543,0.0538,0.001,0.0533,0.0543,1,2026-09-01,Djibouti Rep.,0
2026-09-01T13:49:34+02:00,SEB,DKK/SEK,DKK,SEK,1.47922,1.4949,1.48706,0.01568,1.47922,1.4949,1,2026-09-01,Denmark,0
2026-09-01T13:49:34+02:00,SEB,DOP/SEK,DOP,SEK,0.1613,0.1646,0.16295,0.0033,0.1613,0.1646,1,2026-09-01,Dominican Rep.,0
2026-09-01T13:49:34+02:00,SEB,DZD/SEK,DZD,SEK,0.0688,0.0752,0.072,0.0064,0.0688,0.0752,1,2026-09-01,Algeria,0
2026-09-01T13:49:34+02:00,SEB,EGP/SEK,EGP,SEK,0.167944,0.208005,0.187974,0.040061,0.167944,0.208005,1,2026-09-01,Egypt,0
2026-09-01T13:49:34+02:00,SEB,ERN/SEK,ERN,SEK,0.6289,0.643,0.63595,0.0141,0.6289,0.643,1,2026-09-01,Eritrea,0
2026-09-01T13:49:34+02:00,SEB,ETB/SEK,ETB,SEK,0.0577,0.0597,0.0587,0.002,0.0577,0.0597,1,2026-09-01,Ethiopia,0
2026-09-01T13:49:34+02:00,SEB,EUR/SEK,EUR,SEK,11.046,11.1848,11.1154,0.1388,11.046,11.1848,1,2026-09-01,Euro,0
2026-09-01T13:49:34+02:00,SEB,FJD/SEK,FJD,SEK,4.2752,4.4347,4.35495,0.1595,4.2752,4.4347,1,2026-09-01,Fiji Islands,0
2026-09-01T13:49:34+02:00,SEB,GBP/SEK,GBP,SEK,12.8879,13.0674,12.97765,0.1795,12.8879,13.0674,1,2026-09-01,United Kingdom,0
2026-09-01T13:49:34+02:00,SEB,GEL/SEK,GEL,SEK,3.5955,3.731,3.66325,0.1355,3.5955,3.731,1,2026-09-01,Georgia,0
2026-09-01T13:49:34+02:00,SEB,GHS/SEK,GHS,SEK,0.8154,0.8875,0.85145,0.0721,0.8154,0.8875,1,2026-09-01,Ghana,0
2026-09-01T13:49:34+02:00,SEB,GIP/SEK,GIP,SEK,7.0354,7.1236,7.0795,0.0882,7.0354,7.1236,1,2026-09-01,Gibraltar,0
2026-09-01T13:49:34+02:00,SEB,GMD/SEK,GMD,SEK,0.1266,0.129,0.1278,0.0024,0.1266,0.129,1,2026-09-01,Gambia,0
2026-09-01T13:49:34+02:00,SEB,GNF/SEK,GNF,SEK,0.001082,0.001099,0.00109,1.7e-05,0.001082,0.001099,1,2026-09-01,Guinea,0
2026-09-01T13:49:34+02:00,SEB,GTQ/SEK,GTQ,SEK,1.2471,1.2657,1.2564,0.0186,1.2471,1.2657,1,2026-09-01,Guatemala,0
2026-09-01T13:49:34+02:00,SEB,GYD/SEK,GYD,SEK,0.0452,0.0464,0.0458,0.0012,0.0452,0.0464,1,2026-09-01,Guyana,0
2026-09-01T13:49:34+02:00,SEB,HKD/SEK,HKD,SEK,1.21198,1.23323,1.222605,0.02125,1.21198,1.23323,1,2026-09-01,Hong Kong,0
2026-09-01T13:49:34+02:00,SEB,HNL/SEK,HNL,SEK,0.3548,0.3598,0.3573,0.005,0.3548,0.3598,1,2026-09-01,Honduras,0
2026-09-01T13:49:34+02:00,SEB,HTG/SEK,HTG,SEK,0.0726,0.0741,0.07335,0.0015,0.0726,0.0741,1,2026-09-01,Haiti,0
2026-09-01T13:49:34+02:00,SEB,HUF/SEK,HUF,SEK,0.030165,0.030538,0.030352,0.000373,0.030165,0.030538,1,2026-09-01,Hungary,0
2026-09-01T13:49:34+02:00,SEB,IDR/SEK,IDR,SEK,0.00053066,0.00055021,0.00054,2e-05,0.00053066,0.00055021,1,2026-09-01,Indonesia,0
2026-09-01T13:49:34+02:00,SEB,ILS/SEK,ILS,SEK,3.1139,3.2559,3.1849,0.142,3.1139,3.2559,1,2026-09-01,Israel,0
2026-09-01T13:49:34+02:00,SEB,INR/SEK,INR,SEK,0.09752917,0.10435113,0.10094,0.006822,0.09752917,0.10435113,1,2026-09-01,India,0
2026-09-01T13:49:34+02:00,SEB,IQD/SEK,IQD,SEK,0.007019,0.007612,0.007315,0.000593,0.007019,0.007612,1,2026-09-01,Iraq,0
2026-09-01T13:49:34+02:00,SEB,IRR/SEK,IRR,SEK,6.92e-06,7.02e-06,7e-06,0.0,6.92e-06,7.02e-06,1,2026-09-01,Iran,0
2026-09-01T13:49:34+02:00,SEB,ISK/SEK,ISK,SEK,0.0784,0.0798,0.0791,0.0014,0.0784,0.0798,1,2026-09-01,Iceland,0
2026-09-01T13:49:34+02:00,SEB,JMD/SEK,JMD,SEK,0.0599,0.0614,0.06065,0.0015,0.0599,0.0614,1,2026-09-01,Jamaica,0
2026-09-01T13:49:34+02:00,SEB,JOD/SEK,JOD,SEK,13.1633,13.8796,13.52145,0.7163,13.1633,13.8796,1,2026-09-01,Jordan,0
2026-09-01T13:49:34+02:00,SEB,JPY/SEK,JPY,SEK,0.059526,0.060256,0.059891,0.00073,0.059526,0.060256,1,2026-09-01,Japan,0
2026-09-01T13:49:34+02:00,SEB,KES/SEK,KES,SEK,0.07277887,0.07571763,0.074248,0.002939,0.07277887,0.07571763,1,2026-09-01,Kenya,0
2026-09-01T13:49:34+02:00,SEB,KHR/SEK,KHR,SEK,0.002348,0.002385,0.002366,3.7e-05,0.002348,0.002385,1,2026-09-01,Cambodia,0
2026-09-01T13:49:34+02:00,SEB,KMF/SEK,KMF,SEK,0.0223,0.0228,0.02255,0.0005,0.0223,0.0228,1,2026-09-01,Comoros,0
2026-09-01T13:49:34+02:00,SEB,KRW/SEK,KRW,SEK,0.00691335,0.0070437,0.006979,0.00013,0.00691335,0.0070437,1,2026-09-01,"Korea, South",0
2026-09-01T13:49:34+02:00,SEB,KWD/SEK,KWD,SEK,30.341,31.6877,31.01435,1.3467,30.341,31.6877,1,2026-09-01,Kuwait,0
2026-09-01T13:49:34+02:00,SEB,KZT/SEK,KZT,SEK,0.020044,0.021767,0.020906,0.001723,0.020044,0.021767,1,2026-09-01,Kazakhstan,0
2026-09-01T13:49:34+02:00,SEB,LAK/SEK,LAK,SEK,0.000422,0.000433,0.000428,1.1e-05,0.000422,0.000433,1,2026-09-01,Laos,0
2026-09-01T13:49:34+02:00,SEB,LBP/SEK,LBP,SEK,0.000106,0.000108,0.000107,2e-06,0.000106,0.000108,1,2026-09-01,Lebanon,0
2026-09-01T13:49:34+02:00,SEB,LKR/SEK,LKR,SEK,0.02904,0.02942,0.02923,0.00038,0.02904,0.02942,1,2026-09-01,Sri Lanka,0
2026-09-01T13:49:34+02:00,SEB,LRD/SEK,LRD,SEK,0.052,0.0542,0.0531,0.0022,0.052,0.0542,1,2026-09-01,Liberia,0
2026-09-01T13:49:34+02:00,SEB,LSL/SEK,LSL,SEK,0.5898,0.5972,0.5935,0.0074,0.5898,0.5972,1,2026-09-01,Lesotho,0
2026-09-01T13:49:34+02:00,SEB,LYD/SEK,LYD,SEK,1.4962,1.5222,1.5092,0.026,1.4962,1.5222,1,2026-09-01,Libya,0
2026-09-01T13:49:34+02:00,SEB,MAD/SEK,MAD,SEK,1.0056,1.0525,1.02905,0.0469,1.0056,1.0525,1,2026-09-01,Morocco,0
2026-09-01T13:49:34+02:00,SEB,MDL/SEK,MDL,SEK,0.5447,0.5637,0.5542,0.019,0.5447,0.5637,1,2026-09-01,Moldova,0
2026-09-01T13:49:34+02:00,SEB,MGA/SEK,MGA,SEK,0.0022,0.00224,0.00222,4e-05,0.0022,0.00224,1,2026-09-01,Madagascar,0
2026-09-01T13:49:34+02:00,SEB,MKD/SEK,MKD,SEK,0.1788,0.1824,0.1806,0.0036,0.1788,0.1824,1,2026-09-01,Macedonia,0
2026-09-01T13:49:34+02:00,SEB,MMK/SEK,MMK,SEK,0.004523,0.004607,0.004565,8.4e-05,0.004523,0.004607,1,2026-09-01,Burma,0
2026-09-01T13:49:34+02:00,SEB,MNT/SEK,MNT,SEK,0.0026,0.0027,0.00265,0.0001,0.0026,0.0027,1,2026-09-01,Mongolia,0
2026-09-01T13:49:34+02:00,SEB,MOP/SEK,MOP,SEK,1.1777,1.194,1.18585,0.0163,1.1777,1.194,1,2026-09-01,Macao,0
2026-09-01T13:49:34+02:00,SEB,MRO/SEK,MRO,SEK,0.0265,0.0271,0.0268,0.0006,0.0265,0.0271,1,2026-09-01,Mauritania,0
2026-09-01T13:49:34+02:00,SEB,MUR/SEK,MUR,SEK,0.1828,0.2131,0.19795,0.0303,0.1828,0.2131,1,2026-09-01,Mauritius,0
2026-09-01T13:49:34+02:00,SEB,MVR/SEK,MVR,SEK,0.6147,0.6255,0.6201,0.0108,0.6147,0.6255,1,2026-09-01,Maldives Is,0
2026-09-01T13:49:34+02:00,SEB,MWK/SEK,MWK,SEK,0.0054,0.0057,0.00555,0.0003,0.0054,0.0057,1,2026-09-01,Malawi,0
2026-09-01T13:49:34+02:00,SEB,MXN/SEK,MXN,SEK,0.5542,0.5736,0.5639,0.0194,0.5542,0.5736,1,2026-09-01,Mexico,0
2026-09-01T13:49:34+02:00,SEB,MYR/SEK,MYR,SEK,2.297642,2.448606,2.373124,0.150964,2.297642,2.448606,1,2026-09-01,Malaysia,0
2026-09-01T13:49:34+02:00,SEB,MZN/SEK,MZN,SEK,0.1476,0.1525,0.15005,0.0049,0.1476,0.1525,1,2026-09-01,Mozambique,0
2026-09-01T13:49:34+02:00,SEB,NAD/SEK,NAD,SEK,0.5898,0.5972,0.5935,0.0074,0.5898,0.5972,1,2026-09-01,Namibia,0
2026-09-01T13:49:34+02:00,SEB,NGN/SEK,NGN,SEK,0.007035,0.007357,0.007196,0.000322,0.007035,0.007357,1,2026-09-01,Nigeria,0
2026-09-01T13:49:34+02:00,SEB,NIO/SEK,NIO,SEK,0.2575,0.2636,0.26055,0.0061,0.2575,0.2636,1,2026-09-01,Nicaragua,0
2026-09-01T13:49:34+02:00,SEB,NOK/SEK,NOK,SEK,1.01988,1.03563,1.027755,0.01575,1.01988,1.03563,1,2026-09-01,Norway,0
2026-09-01T13:49:34+02:00,SEB,NPR/SEK,NPR,SEK,0.0627,0.0635,0.0631,0.0008,0.0627,0.0635,1,2026-09-01,Nepal,0
2026-09-01T13:49:34+02:00,SEB,NZD/SEK,NZD,SEK,5.6123,5.6928,5.65255,0.0805,5.6123,5.6928,1,2026-09-01,New Zealand,0
2026-09-01T13:49:34+02:00,SEB,OMR/SEK,OMR,SEK,24.3895,25.4094,24.89945,1.0199,24.3895,25.4094,1,2026-09-01,Oman,0
2026-09-01T13:49:34+02:00,SEB,PAB/SEK,PAB,SEK,9.5271,9.6456,9.58635,0.1185,9.5271,9.6456,1,2026-09-01,Panama,0
2026-09-01T13:49:34+02:00,SEB,PEN/SEK,PEN,SEK,2.827724,2.868322,2.848023,0.040598,2.827724,2.868322,1,2026-09-01,Peru,0
2026-09-01T13:49:34+02:00,SEB,PGK/SEK,PGK,SEK,2.0742,2.254,2.1641,0.1798,2.0742,2.254,1,2026-09-01,"Papua, New Guinea",0
2026-09-01T13:49:34+02:00,SEB,PHP/SEK,PHP,SEK,0.138983,0.168161,0.153572,0.029178,0.138983,0.168161,1,2026-09-01,Philippines,0
2026-09-01T13:49:34+02:00,SEB,PKR/SEK,PKR,SEK,0.03313,0.036,0.034565,0.00287,0.03313,0.036,1,2026-09-01,Pakistan,0
2026-09-01T13:49:34+02:00,SEB,PLN/SEK,PLN,SEK,2.5396,2.5918,2.5657,0.0522,2.5396,2.5918,1,2026-09-01,Poland,0
2026-09-01T13:49:34+02:00,SEB,PYG/SEK,PYG,SEK,0.0016,0.0017,0.00165,0.0001,0.0016,0.0017,1,2026-09-01,Paraguay,0
2026-09-01T13:49:34+02:00,SEB,QAR/SEK,QAR,SEK,2.5759,2.6834,2.62965,0.1075,2.5759,2.6834,1,2026-09-01,Qatar,0
2026-09-01T13:49:34+02:00,SEB,RON/SEK,RON,SEK,2.0715,2.157,2.11425,0.0855,2.0715,2.157,1,2026-09-01,Romania,0
2026-09-01T13:49:34+02:00,SEB,RSD/SEK,RSD,SEK,0.094,0.0954,0.0947,0.0014,0.094,0.0954,1,2026-09-01,Serbia,0
2026-09-01T13:49:34+02:00,SEB,RUB/SEK,RUB,SEK,0.10759,0.1124,0.109995,0.00481,0.10759,0.1124,1,2026-09-01,Russia,0
2026-09-01T13:49:34+02:00,SEB,RWF/SEK,RWF,SEK,0.0064,0.0066,0.0065,0.0002,0.0064,0.0066,1,2026-09-01,Rwanda,0
2026-09-01T13:49:34+02:00,SEB,SAR/SEK,SAR,SEK,2.5147,2.592,2.55335,0.0773,2.5147,2.592,1,2026-09-01,Saudi Arabia,0
2026-09-01T13:49:34+02:00,SEB,SBD/SEK,SBD,SEK,1.169,1.2124,1.1907,0.0434,1.169,1.2124,1,2026-09-01,Solomon Islands,0
2026-09-01T13:49:34+02:00,SEB,SCR/SEK,SCR,SEK,0.671,0.7272,0.6991,0.0562,0.671,0.7272,1,2026-09-01,Seychelles,0
2026-09-01T13:49:34+02:00,SEB,SDG/SEK,SDG,SEK,0.0158,0.0162,0.016,0.0004,0.0158,0.0162,1,2026-09-01,Sudan Rep,0
2026-09-01T13:49:34+02:00,SEB,SGD/SEK,SGD,SEK,7.4835,7.576,7.52975,0.0925,7.4835,7.576,1,2026-09-01,Singapore,0
2026-09-01T13:49:34+02:00,SEB,SLL/SEK,SLL,SEK,0.0004,0.0005,0.00045,0.0001,0.0004,0.0005,1,2026-09-01,Sierra Leone,0
2026-09-01T13:49:34+02:00,SEB,SOS/SEK,SOS,SEK,0.0165,0.017,0.01675,0.0005,0.0165,0.017,1,2026-09-01,Somali Rep,0
2026-09-01T13:49:34+02:00,SEB,SRD/SEK,SRD,SEK,0.2503,0.2569,0.2536,0.0066,0.2503,0.2569,1,2026-09-01,Surinam,0
2026-09-01T13:49:34+02:00,SEB,STN/SEK,STN,SEK,0.4418,0.4565,0.44915,0.0147,0.4418,0.4565,1,2026-09-01,Sao Tome & Principe,0
2026-09-01T13:49:34+02:00,SEB,SVC/SEK,SVC,SEK,1.0877,1.1024,1.09505,0.0147,1.0877,1.1024,1,2026-09-01,El Salvador,0
2026-09-01T13:49:34+02:00,SEB,SYP/SEK,SYP,SEK,0.0777,0.0794,0.07855,0.0017,0.0777,0.0794,1,2026-09-01,Syria,0
2026-09-01T13:49:34+02:00,SEB,SZL/SEK,SZL,SEK,0.5899,0.5979,0.5939,0.008,0.5899,0.5979,1,2026-09-01,Swaziland,0
2026-09-01T13:49:34+02:00,SEB,THB/SEK,THB,SEK,0.28541,0.29135,0.28838,0.00594,0.28541,0.29135,1,2026-09-01,Thailand,0
2026-09-01T13:49:34+02:00,SEB,TMT/SEK,TMT,SEK,2.7184,2.7596,2.739,0.0412,2.7184,2.7596,1,2026-09-01,Turkmenistan,0
2026-09-01T13:49:34+02:00,SEB,TND/SEK,TND,SEK,3.1236,3.4592,3.2914,0.3356,3.1236,3.4592,1,2026-09-01,Tunisia,0
2026-09-01T13:49:34+02:00,SEB,TOP/SEK,TOP,SEK,3.9017,4.1906,4.04615,0.2889,3.9017,4.1906,1,2026-09-01,Tonga Isl.,0
2026-09-01T13:49:34+02:00,SEB,TRY/SEK,TRY,SEK,0.1944,0.20247,0.198435,0.00807,0.1944,0.20247,1,2026-09-01,Turkey,0
2026-09-01T13:49:34+02:00,SEB,TTD/SEK,TTD,SEK,1.3958,1.432,1.4139,0.0362,1.3958,1.432,1,2026-09-01,Trinidad/Tobago,0
2026-09-01T13:49:34+02:00,SEB,TWD/SEK,TWD,SEK,0.2962468,0.3081791,0.302213,0.011932,0.2962468,0.3081791,1,2026-09-01,Taiwan,0
2026-09-01T13:49:34+02:00,SEB,TZS/SEK,TZS,SEK,0.003575,0.003668,0.003621,9.3e-05,0.003575,0.003668,1,2026-09-01,Tanzania,0
2026-09-01T13:49:34+02:00,SEB,UAH/SEK,UAH,SEK,0.211102,0.219917,0.21551,0.008815,0.211102,0.219917,1,2026-09-01,Ukraine,0
2026-09-01T13:49:34+02:00,SEB,UGX/SEK,UGX,SEK,0.0025,0.0026,0.00255,0.0001,0.0025,0.0026,1,2026-09-01,Uganda,0
2026-09-01T13:49:34+02:00,SEB,USD/SEK,USD,SEK,9.5158,9.657,9.5864,0.1412,9.5158,9.657,1,2026-09-01,USA,0
2026-09-01T13:49:34+02:00,SEB,UYU/SEK,UYU,SEK,0.2363,0.2394,0.23785,0.0031,0.2363,0.2394,1,2026-09-01,Uruguay,0
2026-09-01T13:49:34+02:00,SEB,UZS/SEK,UZS,SEK,0.000805,0.000817,0.000811,1.2e-05,0.000805,0.000817,1,2026-09-01,Uzbekistan,0
2026-09-01T13:49:34+02:00,SEB,VEF/SEK,VEF,SEK,3.829e-05,3.886e-05,3.9e-05,1e-06,3.829e-05,3.886e-05,1,2026-09-01,Venezuela,0
2026-09-01T13:49:34+02:00,SEB,VND/SEK,VND,SEK,0.00036323,0.00037174,0.000367,9e-06,0.00036323,0.00037174,1,2026-09-01,Vietnam,0
2026-09-01T13:49:34+02:00,SEB,VUV/SEK,VUV,SEK,0.0779,0.0835,0.0807,0.0056,0.0779,0.0835,1,2026-09-01,Vanuatu,0
2026-09-01T13:49:34+02:00,SEB,WST/SEK,WST,SEK,3.453,3.6592,3.5561,0.2062,3.453,3.6592,1,2026-09-01,Western Samoa,0
2026-09-01T13:49:34+02:00,SEB,XAF/SEK,XAF,SEK,0.0162,0.0171,0.01665,0.0009,0.0162,0.0171,1,2026-09-01,Cameroon,0
2026-09-01T13:49:34+02:00,SEB,XCD/SEK,XCD,SEK,3.503,3.5854,3.5442,0.0824,3.503,3.5854,1,2026-09-01,Antigua,0
2026-09-01T13:49:34+02:00,SEB,XCG/SEK,XCG,SEK,5.2352,5.4047,5.31995,0.1695,5.2352,5.4047,1,2026-09-01,Curacao/Sint Maarten,0
2026-09-01T13:49:34+02:00,SEB,XOF/SEK,XOF,SEK,0.0167,0.0172,0.01695,0.0005,0.0167,0.0172,1,2026-09-01,Benin,0
2026-09-01T13:49:34+02:00,SEB,XPF/SEK,XPF,SEK,0.092,0.0941,0.09305,0.0021,0.092,0.0941,1,2026-09-01,French Pacific Isl.,0
2026-09-01T13:49:34+02:00,SEB,YER/SEK,YER,SEK,0.0402,0.0409,0.04055,0.0007,0.0402,0.0409,1,2026-09-01,Yemen,0
2026-09-01T13:49:34+02:00,SEB,ZAR/SEK,ZAR,SEK,0.5815,0.6056,0.59355,0.0241,0.5815,0.6056,1,2026-09-01,South Africa,0
2026-09-01T13:49:34+02:00,SEB,ZMW/SEK,ZMW,SEK,0.4999,0.5074,0.50365,0.0075,0.4999,0.5074,1,2026-09-01,Zambia,0
2026-09-01T13:49:34+02:00,Danske Bank,AUD/SEK,AUD,SEK,6.8068,6.8951,6.85095,0.0883,6.8068,6.8951,1,11:59:59,Australiensiska dollar,0
2026-09-01T13:49:34+02:00,Danske Bank,BRL/SEK,BRL,SEK,1.799,1.8999,1.84945,0.1009,1.799,1.8999,1,11:59:59,Brasilianska real,0
2026-09-01T13:49:34+02:00,Danske Bank,CAD/SEK,CAD,SEK,6.8712,6.9592,6.9152,0.088,6.8712,6.9592,1,11:59:59,Kanadensiska dollar,0
2026-09-01T13:49:34+02:00,Danske Bank,CHF/SEK,CHF,SEK,11.7737,11.9114,11.84255,0.1377,11.7737,11.9114,1,11:59:58,Schweiziska franc,0
2026-09-01T13:49:34+02:00,Danske Bank,CNY/SEK,CNY,SEK,1.4113,1.442,1.42665,0.0307,1.4113,1.442,1,11:59:59,Kinesiska yuan,0
2026-09-01T13:49:34+02:00,Danske Bank,CZK/SEK,CZK,SEK,0.45559,0.4649,0.460245,0.00931,0.45559,0.4649,1,11:59:58,Tjeckiska koruna,0
2026-09-01T13:49:34+02:00,Danske Bank,DKK/SEK,DKK,SEK,1.4793,1.4959,1.4876,0.0166,1.4793,1.4959,1,11:59:58,Danska kronor,0
2026-09-01T13:49:34+02:00,Danske Bank,EUR/SEK,EUR,SEK,11.0523,11.1859,11.1191,0.1336,11.0523,11.1859,1,11:59:58,Euro,0
2026-09-01T13:49:34+02:00,Danske Bank,GBP/SEK,GBP,SEK,12.9129,13.0586,12.98575,0.1457,12.9129,13.0586,1,11:59:59,Pound sterling,0
2026-09-01T13:49:34+02:00,Danske Bank,HKD/SEK,HKD,SEK,1.2109,1.2355,1.2232,0.0246,1.2109,1.2355,1,11:59:59,Hong Kong dollar,0
2026-09-01T13:49:34+02:00,Danske Bank,HUF/SEK,HUF,SEK,0.029794,0.030822,0.030308,0.001028,0.029794,0.030822,1,11:59:58,Ungerska forint,0
2026-09-01T13:49:34+02:00,Danske Bank,ILS/SEK,ILS,SEK,3.1043,3.2627,3.1835,0.1584,3.1043,3.2627,1,11:59:59,Israelska new shekel,0
2026-09-01T13:49:34+02:00,Danske Bank,INR/SEK,INR,SEK,0.09769,0.10434,0.101015,0.00665,0.09769,0.10434,1,11:59:59,Indiska rupees,0
2026-09-01T13:49:34+02:00,Danske Bank,JPY/SEK,JPY,SEK,0.059408,0.060438,0.059923,0.00103,0.059408,0.060438,1,11:59:59,Japanska yen,0
2026-09-01T13:49:34+02:00,Danske Bank,NOK/SEK,NOK,SEK,1.0201,1.0349,1.0275,0.0148,1.0201,1.0349,1,11:59:59,Norska kronor,0
2026-09-01T13:49:34+02:00,Danske Bank,NZD/SEK,NZD,SEK,5.6097,5.6979,5.6538,0.0882,5.6097,5.6979,1,11:59:59,Nya Zeeländska dollar,0
2026-09-01T13:49:34+02:00,Danske Bank,PLN/SEK,PLN,SEK,2.5349,2.5965,2.5657,0.0616,2.5349,2.5965,1,11:59:58,Polska zloty,0
2026-09-01T13:49:34+02:00,Danske Bank,SGD/SEK,SGD,SEK,7.4905,7.5738,7.53215,0.0833,7.4905,7.5738,1,11:59:59,Singapore dollar,0
2026-09-01T13:49:34+02:00,Danske Bank,THB/SEK,THB,SEK,0.28167,0.29487,0.28827,0.0132,0.28167,0.29487,1,11:59:59,Thailändska baht,0
2026-09-01T13:49:34+02:00,Danske Bank,TRY/SEK,TRY,SEK,0.18063,0.21673,0.19868,0.0361,0.18063,0.21673,1,11:59:59,Turkiska lira,0
2026-09-01T13:49:34+02:00,Danske Bank,USD/SEK,USD,SEK,9.5243,9.6577,9.591,0.1334,9.5243,9.6577,1,11:59:59,Amerikanska dollar,0
2026-09-01T13:49:34+02:00,Danske Bank,ZAR/SEK,ZAR,SEK,0.58338,0.60379,0.593585,0.02041,0.58338,0.60379,1,11:59:59,Sydafrikanska rand,0
2026-09-01T13:49:34+02:00,Handelsbanken,EUR/SEK,EUR,SEK,,,11.1155,,11.1146,11.1165,1,,EUR/SEK Spot,0
2026-09-01T13:49:34+02:00,Handelsbanken,USD/SEK,USD,SEK,,,9.5869,,9.586,9.5879,1,,USD/SEK Spot,0
2026-09-01T13:49:34+02:00,Handelsbanken,GBP/SEK,GBP,SEK,,,12.978,,12.973,12.983,1,,GBP/SEK Spot,0
2026-09-01T13:49:34+02:00,Handelsbanken,JPY/SEK,JPY,SEK,,,5.989,,5.984,5.994,1,,JPY/SEK Spot,0
2026-09-01T13:49:34+02:00,Handelsbanken,CHF/SEK,CHF,SEK,,,11.8424,,11.8374,11.8474,1,,CHF/SEK Spot,0
2026-09-01T13:49:34+02:00,Handelsbanken,NOK/SEK,NOK,SEK,,,1.0278,,1.0273,1.0283,1,,NOK/SEK Spot,0
2026-09-01T13:49:34+02:00,Handelsbanken,DKK/SEK,DKK,SEK,,,1.4871,,1.4866,1.4876,1,,DKK/SEK Spot,0
2026-09-01T13:49:34+02:00,Handelsbanken,CAD/SEK,CAD,SEK,,,6.9086,,6.9036,6.9136,1,,CAD/SEK Spot,0
2026-09-01T13:49:34+02:00,Handelsbanken,AUD/SEK,AUD,SEK,,,6.8502,,6.8497,6.8507,1,,AUD/SEK Spot,0
2026-09-01T13:49:34+02:00,Handelsbanken,NZD/SEK,NZD,SEK,,,5.6527,,5.6522,5.6532,1,,NZD/SEK Spot,0
2026-09-01T13:49:34+02:00,Swedbank,AUD/SEK,AUD,SEK,6.8019,6.9025,6.8522,0.1006,6.8019,6.9025,1,2026-09-01,Australien,0
2026-09-01T13:49:34+02:00,Swedbank,DKK/SEK,DKK,SEK,1.4766,1.4984,1.4875,0.0218,1.4766,1.4984,1,2026-09-01,Danmark,0
2026-09-01T13:49:34+02:00,Swedbank,EUR/SEK,EUR,SEK,11.0378,11.2002,11.119,0.1624,11.0378,11.2002,1,2026-09-01,Euro,0
2026-09-01T13:49:34+02:00,Swedbank,HKD/SEK,HKD,SEK,1.2079,1.2387,1.2233,0.0308,1.2079,1.2387,1,2026-09-01,Hong Kong,0
2026-09-01T13:49:34+02:00,Swedbank,INR/SEK,INR,SEK,0.0984,0.1036,0.101,0.0052,0.0984,0.1036,1,2026-09-01,Indien,0
2026-09-01T13:49:34+02:00,Swedbank,JPY/SEK,JPY,SEK,0.0595,0.0604,0.05995,0.0009,0.0595,0.0604,1,2026-09-01,Japan,0
2026-09-01T13:49:34+02:00,Swedbank,CAD/SEK,CAD,SEK,6.8634,6.9648,6.9141,0.1014,6.8634,6.9648,1,2026-09-01,Kanada,0
2026-09-01T13:49:34+02:00,Swedbank,CNY/SEK,CNY,SEK,1.4073,1.4464,1.42685,0.0391,1.4073,1.4464,1,2026-09-01,Kina,0
2026-09-01T13:49:34+02:00,Swedbank,MXN/SEK,MXN,SEK,0.557,0.5714,0.5642,0.0144,0.557,0.5714,1,2026-09-01,Mexiko,0
2026-09-01T13:49:34+02:00,Swedbank,NOK/SEK,NOK,SEK,1.0206,1.0359,1.02825,0.0153,1.0206,1.0359,1,2026-09-01,Norge,0
2026-09-01T13:49:34+02:00,Swedbank,NZD/SEK,NZD,SEK,5.6137,5.6973,5.6555,0.0836,5.6137,5.6973,1,2026-09-01,Nya Zeeland,0
2026-09-01T13:49:34+02:00,Swedbank,PLN/SEK,PLN,SEK,2.5467,2.5849,2.5658,0.0382,2.5467,2.5849,1,2026-09-01,Polen,0
2026-09-01T13:49:34+02:00,Swedbank,CHF/SEK,CHF,SEK,11.7536,11.9269,11.84025,0.1733,11.7536,11.9269,1,2026-09-01,Schweiz,0
2026-09-01T13:49:34+02:00,Swedbank,SGD/SEK,SGD,SEK,7.4776,7.5881,7.53285,0.1105,7.4776,7.5881,1,2026-09-01,Singapore,0
2026-09-01T13:49:34+02:00,Swedbank,GBP/SEK,GBP,SEK,12.8874,13.0781,12.98275,0.1907,12.8874,13.0781,1,2026-09-01,Storbritannien,0
2026-09-01T13:49:34+02:00,Swedbank,ZAR/SEK,ZAR,SEK,0.5863,0.6014,0.59385,0.0151,0.5863,0.6014,1,2026-09-01,Sydafrika,0
2026-09-01T13:49:34+02:00,Swedbank,THB/SEK,THB,SEK,0.2847,0.2924,0.28855,0.0077,0.2847,0.2924,1,2026-09-01,Thailand,0
2026-09-01T13:49:34+02:00,Swedbank,CZK/SEK,CZK,SEK,0.4569,0.4638,0.46035,0.0069,0.4569,0.4638,1,2026-09-01,Tjeckien,0
2026-09-01T13:49:34+02:00,Swedbank,TRY/SEK,TRY,SEK,0.196,0.2011,0.19855,0.0051,0.196,0.2011,1,2026-09-01,Turkiet,0
2026-09-01T13:49:34+02:00,Swedbank,HUF/SEK,HUF,SEK,0.03,0.0307,0.03035,0.0007,0.03,0.0307,1,2026-09-01,Ungern,0
2026-09-01T13:49:34+02:00,Swedbank,USD/SEK,USD,SEK,9.5223,9.6627,9.5925,0.1404,9.5223,9.6627,1,2026-09-01,USA,0
2026-09-01T13:49:34+02:00,Swedbank (Privat),AUD/SEK,AUD,SEK,6.8007,6.9013,6.851,0.1006,6.8007,6.9013,1,2026-09-01,Australien,0
2026-09-01T13:49:34+02:00,Swedbank (Privat),DKK/SEK,DKK,SEK,1.4766,1.4984,1.4875,0.0218,1.4766,1.4984,1,2026-09-01,Danmark,0
2026-09-01T13:49:34+02:00,Swedbank (Privat),EUR/SEK,EUR,SEK,11.0378,11.2002,11.119,0.1624,11.0378,11.2002,1,2026-09-01,Euro,0
2026-09-01T13:49:34+02:00,Swedbank (Privat),HKD/SEK,HKD,SEK,1.2077,1.2386,1.22315,0.0309,1.2077,1.2386,1,2026-09-01,Hong Kong,0
2026-09-01T13:49:34+02:00,Swedbank (Privat),INR/SEK,INR,SEK,0.0984,0.1036,0.101,0.0052,0.0984,0.1036,1,2026-09-01,Indien,0
2026-09-01T13:49:34+02:00,Swedbank (Privat),JPY/SEK,JPY,SEK,0.0595,0.0604,0.05995,0.0009,0.0595,0.0604,1,2026-09-01,Japan,0
2026-09-01T13:49:34+02:00,Swedbank (Privat),CAD/SEK,CAD,SEK,6.8644,6.966,6.9152,0.1016,6.8644,6.966,1,2026-09-01,Kanada,0
2026-09-01T13:49:34+02:00,Swedbank (Privat),CNY/SEK,CNY,SEK,1.4071,1.4457,1.4264,0.0386,1.4071,1.4457,1,2026-09-01,Kina,0
2026-09-01T13:49:34+02:00,Swedbank (Privat),MXN/SEK,MXN,SEK,0.5568,0.5711,0.56395,0.0143,0.5568,0.5711,1,2026-09-01,Mexiko,0
2026-09-01T13:49:34+02:00,Swedbank (Privat),NOK/SEK,NOK,SEK,1.0199,1.0351,1.0275,0.0152,1.0199,1.0351,1,2026-09-01,Norge,0
2026-09-01T13:49:34+02:00,Swedbank (Privat),NZD/SEK,NZD,SEK,5.6116,5.6953,5.65345,0.0837,5.6116,5.6953,1,2026-09-01,Nya Zeeland,0
2026-09-01T13:49:34+02:00,Swedbank (Privat),PLN/SEK,PLN,SEK,2.5465,2.5846,2.56555,0.0381,2.5465,2.5846,1,2026-09-01,Polen,0
2026-09-01T13:49:34+02:00,Swedbank (Privat),CHF/SEK,CHF,SEK,11.7551,11.9289,11.842,0.1738,11.7551,11.9289,1,2026-09-01,Schweiz,0
2026-09-01T13:49:34+02:00,Swedbank (Privat),SGD/SEK,SGD,SEK,7.4763,7.587,7.53165,0.1107,7.4763,7.587,1,2026-09-01,Singapore,0
2026-09-01T13:49:34+02:00,Swedbank (Privat),GBP/SEK,GBP,SEK,12.8899,13.0804,12.98515,0.1905,12.8899,13.0804,1,2026-09-01,Storbritannien,0
2026-09-01T13:49:34+02:00,Swedbank (Privat),ZAR/SEK,ZAR,SEK,0.5861,0.6012,0.59365,0.0151,0.5861,0.6012,1,2026-09-01,Sydafrika,0
2026-09-01T13:49:34+02:00,Swedbank (Privat),THB/SEK,THB,SEK,0.2845,0.2922,0.28835,0.0077,0.2845,0.2922,1,2026-09-01,Thailand,0
2026-09-01T13:49:34+02:00,Swedbank (Privat),CZK/SEK,CZK,SEK,0.4568,0.4637,0.46025,0.0069,0.4568,0.4637,1,2026-09-01,Tjeckien,0
2026-09-01T13:49:34+02:00,Swedbank (Privat),TRY/SEK,TRY,SEK,0.1959,0.2011,0.1985,0.0052,0.1959,0.2011,1,2026-09-01,Turkiet,0
2026-09-01T13:49:34+02:00,Swedbank (Privat),HUF/SEK,HUF,SEK,0.0299,0.0307,0.0303,0.0008,0.0299,0.0307,1,2026-09-01,Ungern,0
2026-09-01T13:49:34+02:00,Swedbank (Privat),USD/SEK,USD,SEK,9.5202,9.6605,9.59035,0.1403,9.5202,9.6605,1,2026-09-01,USA,0
2026-09-01T21:27:15+02:00,DNB,NOK/SEK,NOK,SEK,1.0192,1.0332,1.0262,0.014,101.92,103.32,100,2026-09-01,Norge,0
2026-09-01T21:27:15+02:00,DNB,USD/SEK,USD,SEK,9.5372,9.6432,9.5902,0.106,9.5372,9.6432,1,2026-09-01,USA,0
2026-09-01T21:27:15+02:00,DNB,EUR/SEK,EUR,SEK,11.0675,11.1925,11.13,0.125,11.0675,11.1925,1,2026-09-01,Europeiska unionen,0
2026-09-01T21:27:15+02:00,DNB,DKK/SEK,DKK,SEK,1.4813,1.4963,1.4888,0.015,148.13,149.63,100,2026-09-01,Danmark,0
2026-09-01T21:27:15+02:00,DNB,GBP/SEK,GBP,SEK,12.9152,13.0612,12.9882,0.146,12.9152,13.0612,1,2026-09-01,Storbritannien,0
2026-09-01T21:27:15+02:00,DNB,CHF/SEK,CHF,SEK,11.7919,11.9039,11.8479,0.112,1179.19,1190.39,100,2026-09-01,Schweiz,0
2026-09-01T21:27:15+02:00,DNB,JPY/SEK,JPY,SEK,0.059448999999999995,0.060449,0.059949,0.001,5.9449,6.0449,100,2026-09-01,Japan,0
2026-09-01T21:27:15+02:00,DNB,AED/SEK,AED,SEK,2.5902,2.6342,2.6122,0.044,2.5902,2.6342,1,2026-09-01,Arabemirater,0
2026-09-01T21:27:15+02:00,DNB,AUD/SEK,AUD,SEK,6.8311,6.9161,6.8736,0.085,6.8311,6.9161,1,2026-09-01,Australien,0
2026-09-01T21:27:15+02:00,DNB,BHD/SEK,BHD,SEK,25.2687,25.6687,25.4687,0.4,25.2687,25.6687,1,2026-09-01,Bahrain,0
2026-09-01T21:27:15+02:00,DNB,BWP/SEK,BWP,SEK,0.7374,0.7674,0.7524,0.03,0.7374,0.7674,1,2026-09-01,Botswana,0
2026-09-01T21:27:15+02:00,DNB,PHP/SEK,PHP,SEK,0.1512,0.1566,0.1539,0.0054,15.12,15.66,100,2026-09-01,Filippinerna,0
2026-09-01T21:27:15+02:00,DNB,HKD/SEK,HKD,SEK,1.2113,1.2353,1.2233,0.024,1.2113,1.2353,1,2026-09-01,Hong Kong,0
2026-09-01T21:27:15+02:00,DNB,INR/SEK,INR,SEK,0.099,0.1034,0.1012,0.0044,0.099,0.1034,1,2026-09-01,Indien,0
2026-09-01T21:27:15+02:00,DNB,IDR/SEK,IDR,SEK,0.00053,0.000554,0.000542,2.4e-05,0.053,0.0554,100,2026-09-01,Indonesien,0
2026-09-01T21:27:15+02:00,DNB,ISK/SEK,ISK,SEK,0.078072,0.080672,0.079372,0.0026,7.8072,8.0672,100,2026-09-01,Island,0
2026-09-01T21:27:15+02:00,DNB,ILS/SEK,ILS,SEK,3.1788,3.2388,3.2088,0.06,3.1788,3.2388,1,2026-09-01,Israel,0
2026-09-01T21:27:15+02:00,DNB,CAD/SEK,CAD,SEK,6.8716,6.9616,6.9166,0.09,6.8716,6.9616,1,2026-09-01,Kanada,0
2026-09-01T21:27:15+02:00,DNB,KES/SEK,KES,SEK,0.073078,0.076078,0.074578,0.003,7.3078,7.6078,100,2026-09-01,Kenya,0
2026-09-01T21:27:15+02:00,DNB,CNH/SEK,CNH,SEK,1.4118000000000002,1.4418,1.4268,0.03,141.18,144.18,100,2026-09-01,Kina,0
2026-09-01T21:27:15+02:00,DNB,CNY/SEK,CNY,SEK,1.4128,1.4428,1.4278,0.03,141.28,144.28,100,2026-09-01,Kina,0
2026-09-01T21:27:15+02:00,DNB,KWD/SEK,KWD,SEK,31.1792,31.6792,31.4292,0.5,31.1792,31.6792,1,2026-09-01,Kuwait,0
2026-09-01T21:27:15+02:00,DNB,MAD/SEK,MAD,SEK,1.0119,1.0559,1.0339,0.044,101.19,105.59,100,2026-09-01,Marocko,0
2026-09-01T21:27:15+02:00,DNB,MXN/SEK,MXN,SEK,0.5575,0.5715,0.5645,0.014,55.75,57.15,100,2026-09-01,Mexiko,0
2026-09-01T21:27:15+02:00,DNB,NZD/SEK,NZD,SEK,5.6234,5.7054,5.6644,0.082,5.6234,5.7054,1,2026-09-01,Nya Zeeland,0
2026-09-01T21:27:15+02:00,DNB,OMR/SEK,OMR,SEK,24.74,25.14,24.94,0.4,24.74,25.14,1,2026-09-01,Oman,0
2026-09-01T21:27:15+02:00,DNB,PKR/SEK,PKR,SEK,0.0338,0.0354,0.0346,0.0016,0.0338,0.0354,1,2026-09-01,Pakistan,0
2026-09-01T21:27:15+02:00,DNB,PLN/SEK,PLN,SEK,2.5496,2.5946,2.5721,0.045,254.96,259.46,100,2026-09-01,Polen,0
2026-09-01T21:27:15+02:00,DNB,QAR/SEK,QAR,SEK,2.611,2.655,2.633,0.044,2.611,2.655,1,2026-09-01,Qatar,0
2026-09-01T21:27:15+02:00,DNB,RON/SEK,RON,SEK,2.0936000000000003,2.1456,2.1196,0.052,209.36,214.56,100,2026-09-01,Rumänien,0
2026-09-01T21:27:15+02:00,DNB,SAR/SEK,SAR,SEK,2.5336,2.5736,2.5536,0.04,2.5336,2.5736,1,2026-09-01,Saudiarabien,0
2026-09-01T21:27:15+02:00,DNB,SGD/SEK,SGD,SEK,7.499,7.583,7.541,0.084,7.499,7.583,1,2026-09-01,Singapore,0
2026-09-01T21:27:15+02:00,DNB,LKR/SEK,LKR,SEK,0.0285,0.0301,0.0293,0.0016,2.85,3.01,100,2026-09-01,Sri Lanka,0
2026-09-01T21:27:15+02:00,DNB,ZAR/SEK,ZAR,SEK,0.5821,0.6081,0.5951,0.026,0.5821,0.6081,1,2026-09-01,Sydafrika,0
2026-09-01T21:27:15+02:00,DNB,KRW/SEK,KRW,SEK,0.006902,0.007102000000000001,0.007002,0.0002,0.6902,0.7102,100,2026-09-01,Sydkorea,0
2026-09-01T21:27:15+02:00,DNB,TZS/SEK,TZS,SEK,0.0035809999999999995,0.003721,0.003651,0.00014,0.3581,0.3721,100,2026-09-01,Tanzania,0
2026-09-01T21:27:15+02:00,DNB,THB/SEK,THB,SEK,0.28559999999999997,0.2926,0.2891,0.007,28.56,29.26,100,2026-09-01,Thailand,0
2026-09-01T21:27:15+02:00,DNB,CZK/SEK,CZK,SEK,0.4573,0.4639,0.4606,0.0066,45.73,46.39,100,2026-09-01,Tjeckien,0
2026-09-01T21:27:15+02:00,DNB,TND/SEK,TND,SEK,3.2682,3.3682,3.3182,0.1,3.2682,3.3682,1,2026-09-01,Tunisien,0
2026-09-01T21:27:15+02:00,DNB,TRY/SEK,TRY,SEK,0.1937,0.20370000000000002,0.1987,0.01,19.37,20.37,100,2026-09-01,Turkiet,0
2026-09-01T21:27:15+02:00,DNB,HUF/SEK,HUF,SEK,0.03009,0.03079,0.03044,0.0007,3.009,3.079,100,2026-09-01,Ungern,0
2026-09-01T21:27:15+02:00,Nordea,AED/SEK,AED,SEK,2.584,2.6555,2.61975,0.0715,2.584,2.6555,1,2026-09-01,,0
2026-09-01T21:27:15+02:00,Nordea,AUD/SEK,AUD,SEK,6.8073,6.9435,6.8754,0.1362,6.8073,6.9435,1,2026-09-01,,0
2026-09-01T21:27:15+02:00,Nordea,BDT/SEK,BDT,SEK,0.075653,0.08106,0.078356,0.005407,0.075653,0.08106,1,2026-09-01,,0
2026-09-01T21:27:15+02:00,Nordea,BHD/SEK,BHD,SEK,25.172,25.8723,25.52215,0.7003,25.172,25.8723,1,2026-09-01,,0
2026-09-01T21:27:15+02:00,Nordea,CAD/SEK,CAD,SEK,6.8546,6.9916,6.9231,0.137,6.8546,6.9916,1,2026-09-01,,0
2026-09-01T21:27:15+02:00,Nordea,CHF/SEK,CHF,SEK,11.7353,11.9701,11.8527,0.2348,11.7353,11.9701,1,2026-09-01,,0
2026-09-01T21:27:15+02:00,Nordea,CNH/SEK,CNH,SEK,1.4117,1.4508,1.43125,0.0391,1.4117,1.4508,1,2026-09-01,,0
2026-09-01T21:27:15+02:00,Nordea,CNY/SEK,CNY,SEK,1.40187,1.46108,1.431475,0.05921,1.40187,1.46108,1,2026-09-01,,0
2026-09-01T21:27:15+02:00,Nordea,CZK/SEK,CZK,SEK,0.45356,0.48575,0.469655,0.03219,0.45356,0.48575,1,2026-09-01,,0
2026-09-01T21:27:15+02:00,Nordea,DKK/SEK,DKK,SEK,1.47691,1.50619,1.49155,0.02928,1.47691,1.50619,1,2026-09-01,,0
2026-09-01T21:27:15+02:00,Nordea,EGP/SEK,EGP,SEK,0.1832,0.1949,0.18905,0.0117,0.1832,0.1949,1,2026-09-01,,0
2026-09-01T21:27:15+02:00,Nordea,EUR/SEK,EUR,SEK,11.0366,11.2553,11.14595,0.2187,11.0366,11.2553,1,2026-09-01,,0
2026-09-01T21:27:15+02:00,Nordea,GBP/SEK,GBP,SEK,12.8705,13.1277,12.9991,0.2572,12.8705,13.1277,1,2026-09-01,,0
2026-09-01T21:27:15+02:00,Nordea,GIP/SEK,GIP,SEK,12.863118,13.135199,12.999159,0.272081,12.863118,13.135199,1,2026-09-01,,0
2026-09-01T21:27:15+02:00,Nordea,HKD/SEK,HKD,SEK,1.21045,1.2439,1.227175,0.03345,1.21045,1.2439,1,2026-09-01,,0
2026-09-01T21:27:15+02:00,Nordea,HUF/SEK,HUF,SEK,0.029959,0.030653,0.030306,0.000694,0.029959,0.030653,1,2026-09-01,,0
2026-09-01T21:27:15+02:00,Nordea,IDR/SEK,IDR,SEK,0.0005317,0.0005539,0.000543,2.2e-05,0.0005317,0.0005539,1,2026-09-01,,0
2026-09-01T21:27:15+02:00,Nordea,ILS/SEK,ILS,SEK,3.125,3.2129,3.16895,0.0879,3.125,3.2129,1,2026-09-01,,0
2026-09-01T21:27:15+02:00,Nordea,INR/SEK,INR,SEK,0.09929,0.10339,0.10134,0.0041,0.09929,0.10339,1,2026-09-01,,0
2026-09-01T21:27:15+02:00,Nordea,ISK/SEK,ISK,SEK,0.0776,0.081,0.0793,0.0034,0.0776,0.081,1,2026-09-01,,0
2026-09-01T21:27:15+02:00,Nordea,JPY/SEK,JPY,SEK,0.059452,0.060639,0.060046,0.001187,0.059452,0.060639,1,2026-09-01,,0
2026-09-01T21:27:15+02:00,Nordea,KES/SEK,KES,SEK,0.0728,0.0759,0.07435,0.0031,0.0728,0.0759,1,2026-09-01,,0
2026-09-01T21:27:15+02:00,Nordea,KRW/SEK,KRW,SEK,0.006869,0.007125,0.006997,0.000256,0.006869,0.007125,1,2026-09-01,,0
2026-09-01T21:27:15+02:00,Nordea,KWD/SEK,KWD,SEK,30.6745,31.5711,31.1228,0.8966,30.6745,31.5711,1,2026-09-01,,0
2026-09-01T21:27:15+02:00,Nordea,KZT/SEK,KZT,SEK,0.020552,0.021443,0.020998,0.000891,0.020552,0.021443,1,2026-09-01,,0
2026-09-01T21:27:15+02:00,Nordea,LKR/SEK,LKR,SEK,0.028451,0.030228,0.02934,0.001777,0.028451,0.030228,1,2026-09-01,,0
2026-09-01T21:27:15+02:00,Nordea,MAD/SEK,MAD,SEK,1.0098,1.0518,1.0308,0.042,1.0098,1.0518,1,2026-09-01,,0
2026-09-01T21:27:15+02:00,Nordea,MXN/SEK,MXN,SEK,0.55816,0.57362,0.56589,0.01546,0.55816,0.57362,1,2026-09-01,,0
2026-09-01T21:27:15+02:00,Nordea,MYR/SEK,MYR,SEK,2.3563,2.4084,2.38235,0.0521,2.3563,2.4084,1,2026-09-01,,0
2026-09-01T21:27:15+02:00,Nordea,NOK/SEK,NOK,SEK,1.02129,1.04194,1.031615,0.02065,1.02129,1.04194,1,2026-09-01,,0
2026-09-01T21:27:15+02:00,Nordea,NZD/SEK,NZD,SEK,5.6107,5.7232,5.66695,0.1125,5.6107,5.7232,1,2026-09-01,,0
2026-09-01T21:27:15+02:00,Nordea,PEN/SEK,PEN,SEK,2.804414,2.923109,2.863761,0.118695,2.804414,2.923109,1,2026-09-01,,0
2026-09-01T21:27:15+02:00,Nordea,PHP/SEK,PHP,SEK,0.1511,0.1574,0.15425,0.0063,0.1511,0.1574,1,2026-09-01,,0
2026-09-01T21:27:15+02:00,Nordea,PKR/SEK,PKR,SEK,0.0336,0.0357,0.03465,0.0021,0.0336,0.0357,1,2026-09-01,,0
2026-09-01T21:27:15+02:00,Nordea,PLN/SEK,PLN,SEK,2.54576,2.59658,2.57117,0.05082,2.54576,2.59658,1,2026-09-01,,0
2026-09-01T21:27:15+02:00,Nordea,QAR/SEK,QAR,SEK,2.5853,2.6932,2.63925,0.1079,2.5853,2.6932,1,2026-09-01,,0
2026-09-01T21:27:15+02:00,Nordea,RON/SEK,RON,SEK,2.1,2.1428,2.1214,0.0428,2.1,2.1428,1,2026-09-01,,0
2026-09-01T21:27:15+02:00,Nordea,RSD/SEK,RSD,SEK,0.093075,0.097018,0.095047,0.003943,0.093075,0.097018,1,2026-09-01,,0
2026-09-01T21:27:15+02:00,Nordea,SAR/SEK,SAR,SEK,2.5271,2.598,2.56255,0.0709,2.5271,2.598,1,2026-09-01,,0
2026-09-01T21:27:15+02:00,Nordea,SGD/SEK,SGD,SEK,7.4801,7.6295,7.5548,0.1494,7.4801,7.6295,1,2026-09-01,,0
2026-09-01T21:27:15+02:00,Nordea,THB/SEK,THB,SEK,0.28494,0.29283,0.288885,0.00789,0.28494,0.29283,1,2026-09-01,,0
2026-09-01T21:27:15+02:00,Nordea,TND/SEK,TND,SEK,3.2351,3.3767,3.3059,0.1416,3.2351,3.3767,1,2026-09-01,,0
2026-09-01T21:27:15+02:00,Nordea,TRY/SEK,TRY,SEK,0.1951,0.2032,0.19915,0.0081,0.1951,0.2032,1,2026-09-01,,0
2026-09-01T21:27:15+02:00,Nordea,USD/SEK,USD,SEK,9.5272,9.7173,9.62225,0.1901,9.5272,9.7173,1,2026-09-01,,0
2026-09-01T21:27:15+02:00,Nordea,ZAR/SEK,ZAR,SEK,0.5887,0.60118,0.59494,0.01248,0.5887,0.60118,1,2026-09-01,,0
2026-09-01T21:27:15+02:00,SEB,AED/SEK,AED,SEK,2.5949,2.6427,2.6188,0.0478,2.5949,2.6427,1,2026-09-01,United Arab Emirates,0
2026-09-01T21:27:15+02:00,SEB,AFN/SEK,AFN,SEK,0.1476,0.15,0.1488,0.0024,0.1476,0.15,1,2026-09-01,Afghanistan,0
2026-09-01T21:27:15+02:00,SEB,ALL/SEK,ALL,SEK,0.1193,0.1223,0.1208,0.003,0.1193,0.1223,1,2026-09-01,Albania,0
2026-09-01T21:27:15+02:00,SEB,AMD/SEK,AMD,SEK,0.0261,0.0267,0.0264,0.0006,0.0261,0.0267,1,2026-09-01,Armenia,0
2026-09-01T21:27:15+02:00,SEB,ANG/SEK,ANG,SEK,5.2529,5.423,5.33795,0.1701,5.2529,5.423,1,2026-09-01,Netherland Antilles,0
2026-09-01T21:27:15+02:00,SEB,AOA/SEK,AOA,SEK,0.0103,0.0107,0.0105,0.0004,0.0103,0.0107,1,2026-09-01,Angola,0
2026-09-01T21:27:15+02:00,SEB,ARS/SEK,ARS,SEK,0.006284,0.006426,0.006355,0.000142,0.006284,0.006426,1,2026-09-01,Argentina,0
2026-09-01T21:27:15+02:00,SEB,AUD/SEK,AUD,SEK,6.83287,6.91686,6.874865,0.08399,6.83287,6.91686,1,2026-09-01,Australia,0
2026-09-01T21:27:15+02:00,SEB,AWG/SEK,AWG,SEK,5.31,5.44,5.375,0.13,5.31,5.44,1,2026-09-01,Aruba,0
2026-09-01T21:27:15+02:00,SEB,AZN/SEK,AZN,SEK,5.6,5.71,5.655,0.11,5.6,5.71,1,2026-09-01,Azerbaijan,0
2026-09-01T21:27:15+02:00,SEB,BAM/SEK,BAM,SEK,5.6533,5.7354,5.69435,0.0821,5.6533,5.7354,1,2026-09-01,Bosnia Herzegovina,0
2026-09-01T21:27:15+02:00,SEB,BBD/SEK,BBD,SEK,4.7092,4.8433,4.77625,0.1341,4.7092,4.8433,1,2026-09-01,Barbados,0
2026-09-01T21:27:15+02:00,SEB,BDT/SEK,BDT,SEK,0.0775,0.0794,0.07845,0.0019,0.0775,0.0794,1,2026-09-01,Bangladesh,0
2026-09-01T21:27:15+02:00,SEB,BHD/SEK,BHD,SEK,24.9971,26.0286,25.51285,1.0315,24.9971,26.0286,1,2026-09-01,Bahrain,0
2026-09-01T21:27:15+02:00,SEB,BIF/SEK,BIF,SEK,0.003178,0.003252,0.003215,7.4e-05,0.003178,0.003252,1,2026-09-01,Burundi,0
2026-09-01T21:27:15+02:00,SEB,BMD/SEK,BMD,SEK,9.5593,9.6783,9.6188,0.119,9.5593,9.6783,1,2026-09-01,Bermuda,0
2026-09-01T21:27:15+02:00,SEB,BND/SEK,BND,SEK,7.5065,7.6002,7.55335,0.0937,7.5065,7.6002,1,2026-09-01,Brunei,0
2026-09-01T21:27:15+02:00,SEB,BOB/SEK,BOB,SEK,0.7817,0.8012,0.79145,0.0195,0.7817,0.8012,1,2026-09-01,Bolivia,0
2026-09-01T21:27:15+02:00,SEB,BRL/SEK,BRL,SEK,1.816406,1.918638,1.867522,0.102232,1.816406,1.918638,1,2026-09-01,Brazil,0
2026-09-01T21:27:15+02:00,SEB,BSD/SEK,BSD,SEK,9.5593,9.6783,9.6188,0.119,9.5593,9.6783,1,2026-09-01,Bahamas,0
2026-09-01T21:27:15+02:00,SEB,BWP/SEK,BWP,SEK,0.6435,0.7534,0.69845,0.1099,0.6435,0.7534,1,2026-09-01,Botswana,0
2026-09-01T21:27:15+02:00,SEB,BYN/SEK,BYN,SEK,3.0997,3.1543,3.127,0.0546,3.0997,3.1543,1,2026-09-01,Belarus,0
2026-09-01T21:27:15+02:00,SEB,BZD/SEK,BZD,SEK,4.7277,4.8383,4.783,0.1106,4.7277,4.8383,1,2026-09-01,Belize,0
2026-09-01T21:27:15+02:00,SEB,CAD/SEK,CAD,SEK,6.8811,6.9658,6.92345,0.0847,6.8811,6.9658,1,2026-09-01,Canada,0
2026-09-01T21:27:15+02:00,SEB,CDF/SEK,CDF,SEK,0.004156,0.004226,0.004191,7e-05,0.004156,0.004226,1,2026-09-01,Congo (Dem Rep),0
2026-09-01T21:27:15+02:00,SEB,CHF/SEK,CHF,SEK,11.7768,11.9214,11.8491,0.1446,11.7768,11.9214,1,2026-09-01,Switzerland,0
2026-09-01T21:27:15+02:00,SEB,CLP/SEK,CLP,SEK,0.01017809,0.0103609,0.010269,0.000183,0.01017809,0.0103609,1,2026-09-01,Chile,0
2026-09-01T21:27:15+02:00,SEB,CNY/SEK,CNY,SEK,1.4192,1.4424,1.4308,0.0232,1.4192,1.4424,1,2026-09-01,China,0
2026-09-01T21:27:15+02:00,SEB,COP/SEK,COP,SEK,0.00298212,0.00309527,0.003039,0.000113,0.00298212,0.00309527,1,2026-09-01,Colombia,0
2026-09-01T21:27:15+02:00,SEB,CRC/SEK,CRC,SEK,0.0207,0.0217,0.0212,0.001,0.0207,0.0217,1,2026-09-01,Costa Rica,0
2026-09-01T21:27:15+02:00,SEB,CUP/SEK,CUP,SEK,0.398353,0.403231,0.400792,0.004878,0.398353,0.403231,1,2026-09-01,Cuba,0
2026-09-01T21:27:15+02:00,SEB,CVE/SEK,CVE,SEK,0.0999,0.1018,0.10085,0.0019,0.0999,0.1018,1,2026-09-01,Cap Verde,0
2026-09-01T21:27:15+02:00,SEB,CZK/SEK,CZK,SEK,0.45628,0.46474,0.46051,0.00846,0.45628,0.46474,1,2026-09-01,Czech rep,0
2026-09-01T21:27:15+02:00,SEB,DJF/SEK,DJF,SEK,0.0535,0.0545,0.054,0.001,0.0535,0.0545,1,2026-09-01,Djibouti Rep.,0
2026-09-01T21:27:15+02:00,SEB,DKK/SEK,DKK,SEK,1.48358,1.49931,1.491445,0.01573,1.48358,1.49931,1,2026-09-01,Denmark,0
2026-09-01T21:27:15+02:00,SEB,DOP/SEK,DOP,SEK,0.162,0.1653,0.16365,0.0033,0.162,0.1653,1,2026-09-01,Dominican Rep.,0
2026-09-01T21:27:15+02:00,SEB,DZD/SEK,DZD,SEK,0.0688,0.0754,0.0721,0.0066,0.0688,0.0754,1,2026-09-01,Algeria,0
2026-09-01T21:27:15+02:00,SEB,EGP/SEK,EGP,SEK,0.144281,0.233364,0.188823,0.089083,0.144281,0.233364,1,2026-09-01,Egypt,0
2026-09-01T21:27:15+02:00,SEB,ERN/SEK,ERN,SEK,0.631,0.6452,0.6381,0.0142,0.631,0.6452,1,2026-09-01,Eritrea,0
2026-09-01T21:27:15+02:00,SEB,ETB/SEK,ETB,SEK,0.0587,0.0599,0.0593,0.0012,0.0587,0.0599,1,2026-09-01,Ethiopia,0
2026-09-01T21:27:15+02:00,SEB,EUR/SEK,EUR,SEK,11.0791,11.2183,11.1487,0.1392,11.0791,11.2183,1,2026-09-01,Euro,0
2026-09-01T21:27:15+02:00,SEB,FJD/SEK,FJD,SEK,4.2888,4.4488,4.3688,0.16,4.2888,4.4488,1,2026-09-01,Fiji Islands,0
2026-09-01T21:27:15+02:00,SEB,GBP/SEK,GBP,SEK,12.9092,13.089,12.9991,0.1798,12.9092,13.089,1,2026-09-01,United Kingdom,0
2026-09-01T21:27:15+02:00,SEB,GEL/SEK,GEL,SEK,3.6104,3.7467,3.67855,0.1363,3.6104,3.7467,1,2026-09-01,Georgia,0
2026-09-01T21:27:15+02:00,SEB,GHS/SEK,GHS,SEK,0.8167,0.8897,0.8532,0.073,0.8167,0.8897,1,2026-09-01,Ghana,0
2026-09-01T21:27:15+02:00,SEB,GIP/SEK,GIP,SEK,7.0729,7.1632,7.11805,0.0903,7.0729,7.1632,1,2026-09-01,Gibraltar,0
2026-09-01T21:27:15+02:00,SEB,GMD/SEK,GMD,SEK,0.1271,0.1294,0.12825,0.0023,0.1271,0.1294,1,2026-09-01,Gambia,0
2026-09-01T21:27:15+02:00,SEB,GNF/SEK,GNF,SEK,0.001086,0.001103,0.001094,1.7e-05,0.001086,0.001103,1,2026-09-01,Guinea,0
2026-09-01T21:27:15+02:00,SEB,GTQ/SEK,GTQ,SEK,1.2513,1.2701,1.2607,0.0188,1.2513,1.2701,1,2026-09-01,Guatemala,0
2026-09-01T21:27:15+02:00,SEB,GYD/SEK,GYD,SEK,0.0454,0.0466,0.046,0.0012,0.0454,0.0466,1,2026-09-01,Guyana,0
2026-09-01T21:27:15+02:00,SEB,HKD/SEK,HKD,SEK,1.21611,1.23745,1.22678,0.02134,1.21611,1.23745,1,2026-09-01,Hong Kong,0
2026-09-01T21:27:15+02:00,SEB,HNL/SEK,HNL,SEK,0.356,0.361,0.3585,0.005,0.356,0.361,1,2026-09-01,Honduras,0
2026-09-01T21:27:15+02:00,SEB,HTG/SEK,HTG,SEK,0.0728,0.0742,0.0735,0.0014,0.0728,0.0742,1,2026-09-01,Haiti,0
2026-09-01T21:27:15+02:00,SEB,HUF/SEK,HUF,SEK,0.030112,0.030485,0.030298,0.000373,0.030112,0.030485,1,2026-09-01,Hungary,0
2026-09-01T21:27:15+02:00,SEB,IDR/SEK,IDR,SEK,0.00052764,0.00055723,0.000542,3e-05,0.00052764,0.00055723,1,2026-09-01,Indonesia,0
2026-09-01T21:27:15+02:00,SEB,ILS/SEK,ILS,SEK,3.0959,3.2394,3.16765,0.1435,3.0959,3.2394,1,2026-09-01,Israel,0
2026-09-01T21:27:15+02:00,SEB,INR/SEK,INR,SEK,0.09432013,0.10821217,0.101266,0.013892,0.09432013,0.10821217,1,2026-09-01,India,0
2026-09-01T21:27:15+02:00,SEB,IQD/SEK,IQD,SEK,0.007043,0.007639,0.007341,0.000596,0.007043,0.007639,1,2026-09-01,Iraq,0
2026-09-01T21:27:15+02:00,SEB,IRR/SEK,IRR,SEK,6.95e-06,7.05e-06,7e-06,0.0,6.95e-06,7.05e-06,1,2026-09-01,Iran,0
2026-09-01T21:27:15+02:00,SEB,ISK/SEK,ISK,SEK,0.0783,0.0803,0.0793,0.002,0.0783,0.0803,1,2026-09-01,Iceland,0
2026-09-01T21:27:15+02:00,SEB,JMD/SEK,JMD,SEK,0.0599,0.0614,0.06065,0.0015,0.0599,0.0614,1,2026-09-01,Jamaica,0
2026-09-01T21:27:15+02:00,SEB,JOD/SEK,JOD,SEK,13.2081,13.927,13.56755,0.7189,13.2081,13.927,1,2026-09-01,Jordan,0
2026-09-01T21:27:15+02:00,SEB,JPY/SEK,JPY,SEK,0.059672,0.060403,0.060038,0.000731,0.059672,0.060403,1,2026-09-01,Japan,0
2026-09-01T21:27:15+02:00,SEB,KES/SEK,KES,SEK,0.07227044,0.07679516,0.074533,0.004525,0.07227044,0.07679516,1,2026-09-01,Kenya,0
2026-09-01T21:27:15+02:00,SEB,KHR/SEK,KHR,SEK,0.002359,0.002395,0.002377,3.6e-05,0.002359,0.002395,1,2026-09-01,Cambodia,0
2026-09-01T21:27:15+02:00,SEB,KMF/SEK,KMF,SEK,0.0224,0.0229,0.02265,0.0005,0.0224,0.0229,1,2026-09-01,Comoros,0
2026-09-01T21:27:15+02:00,SEB,KRW/SEK,KRW,SEK,0.00693424,0.00706701,0.007001,0.000133,0.00693424,0.00706701,1,2026-09-01,"Korea, South",0
2026-09-01T21:27:15+02:00,SEB,KWD/SEK,KWD,SEK,30.4344,31.7958,31.1151,1.3614,30.4344,31.7958,1,2026-09-01,Kuwait,0
2026-09-01T21:27:15+02:00,SEB,KZT/SEK,KZT,SEK,0.020123,0.021853,0.020988,0.00173,0.020123,0.021853,1,2026-09-01,Kazakhstan,0
2026-09-01T21:27:15+02:00,SEB,LAK/SEK,LAK,SEK,0.000424,0.000434,0.000429,1e-05,0.000424,0.000434,1,2026-09-01,Laos,0
2026-09-01T21:27:15+02:00,SEB,LBP/SEK,LBP,SEK,0.000106,0.000109,0.000108,3e-06,0.000106,0.000109,1,2026-09-01,Lebanon,0
2026-09-01T21:27:15+02:00,SEB,LKR/SEK,LKR,SEK,0.02914,0.02952,0.02933,0.00038,0.02914,0.02952,1,2026-09-01,Sri Lanka,0
2026-09-01T21:27:15+02:00,SEB,LRD/SEK,LRD,SEK,0.0543,0.0553,0.0548,0.001,0.0543,0.0553,1,2026-09-01,Liberia,0
2026-09-01T21:27:15+02:00,SEB,LSL/SEK,LSL,SEK,0.5911,0.5985,0.5948,0.0074,0.5911,0.5985,1,2026-09-01,Lesotho,0
2026-09-01T21:27:15+02:00,SEB,LYD/SEK,LYD,SEK,1.5023,1.5274,1.51485,0.0251,1.5023,1.5274,1,2026-09-01,Libya,0
2026-09-01T21:27:15+02:00,SEB,MAD/SEK,MAD,SEK,1.0062,1.0532,1.0297,0.047,1.0062,1.0532,1,2026-09-01,Morocco,0
2026-09-01T21:27:15+02:00,SEB,MDL/SEK,MDL,SEK,0.5555,0.5657,0.5606,0.0102,0.5555,0.5657,1,2026-09-01,Moldova,0
2026-09-01T21:27:15+02:00,SEB,MGA/SEK,MGA,SEK,0.0022,0.00225,0.002225,5e-05,0.0022,0.00225,1,2026-09-01,Madagascar,0
2026-09-01T21:27:15+02:00,SEB,MKD/SEK,MKD,SEK,0.1796,0.1832,0.1814,0.0036,0.1796,0.1832,1,2026-09-01,Macedonia,0
2026-09-01T21:27:15+02:00,SEB,MMK/SEK,MMK,SEK,0.004539,0.004623,0.004581,8.4e-05,0.004539,0.004623,1,2026-09-01,Burma,0
2026-09-01T21:27:15+02:00,SEB,MNT/SEK,MNT,SEK,0.0026,0.0027,0.00265,0.0001,0.0026,0.0027,1,2026-09-01,Mongolia,0
2026-09-01T21:27:15+02:00,SEB,MOP/SEK,MOP,SEK,1.1823,1.198,1.19015,0.0157,1.1823,1.198,1,2026-09-01,Macao,0
2026-09-01T21:27:15+02:00,SEB,MRO/SEK,MRO,SEK,0.0266,0.0272,0.0269,0.0006,0.0266,0.0272,1,2026-09-01,Mauritania,0
2026-09-01T21:27:15+02:00,SEB,MUR/SEK,MUR,SEK,0.1835,0.2139,0.1987,0.0304,0.1835,0.2139,1,2026-09-01,Mauritius,0
2026-09-01T21:27:15+02:00,SEB,MVR/SEK,MVR,SEK,0.6168,0.6276,0.6222,0.0108,0.6168,0.6276,1,2026-09-01,Maldives Is,0
2026-09-01T21:27:15+02:00,SEB,MWK/SEK,MWK,SEK,0.0054,0.0057,0.00555,0.0003,0.0054,0.0057,1,2026-09-01,Malawi,0
2026-09-01T21:27:15+02:00,SEB,MXN/SEK,MXN,SEK,0.5562,0.5757,0.56595,0.0195,0.5562,0.5757,1,2026-09-01,Mexico,0
2026-09-01T21:27:15+02:00,SEB,MYR/SEK,MYR,SEK,2.286406,2.476345,2.381375,0.189939,2.286406,2.476345,1,2026-09-01,Malaysia,0
2026-09-01T21:27:15+02:00,SEB,MZN/SEK,MZN,SEK,0.1494,0.1531,0.15125,0.0037,0.1494,0.1531,1,2026-09-01,Mozambique,0
2026-09-01T21:27:15+02:00,SEB,NAD/SEK,NAD,SEK,0.5911,0.5985,0.5948,0.0074,0.5911,0.5985,1,2026-09-01,Namibia,0
2026-09-01T21:27:15+02:00,SEB,NGN/SEK,NGN,SEK,0.006943,0.007448,0.007196,0.000505,0.006943,0.007448,1,2026-09-01,Nigeria,0
2026-09-01T21:27:15+02:00,SEB,NIO/SEK,NIO,SEK,0.2583,0.2645,0.2614,0.0062,0.2583,0.2645,1,2026-09-01,Nicaragua,0
2026-09-01T21:27:15+02:00,SEB,NOK/SEK,NOK,SEK,1.02365,1.03949,1.03157,0.01584,1.02365,1.03949,1,2026-09-01,Norway,0
2026-09-01T21:27:15+02:00,SEB,NPR/SEK,NPR,SEK,0.0629,0.0638,0.06335,0.0009,0.0629,0.0638,1,2026-09-01,Nepal,0
2026-09-01T21:27:15+02:00,SEB,NZD/SEK,NZD,SEK,5.6271,5.708,5.66755,0.0809,5.6271,5.708,1,2026-09-01,New Zealand,0
2026-09-01T21:27:15+02:00,SEB,OMR/SEK,OMR,SEK,24.4725,25.4961,24.9843,1.0236,24.4725,25.4961,1,2026-09-01,Oman,0
2026-09-01T21:27:15+02:00,SEB,PAB/SEK,PAB,SEK,9.5595,9.6785,9.619,0.119,9.5595,9.6785,1,2026-09-01,Panama,0
2026-09-01T21:27:15+02:00,SEB,PEN/SEK,PEN,SEK,2.839235,2.884398,2.861816,0.045163,2.839235,2.884398,1,2026-09-01,Peru,0
2026-09-01T21:27:15+02:00,SEB,PGK/SEK,PGK,SEK,2.0813,2.2617,2.1715,0.1804,2.0813,2.2617,1,2026-09-01,"Papua, New Guinea",0
2026-09-01T21:27:15+02:00,SEB,PHP/SEK,PHP,SEK,0.139383,0.168661,0.154022,0.029278,0.139383,0.168661,1,2026-09-01,Philippines,0
2026-09-01T21:27:15+02:00,SEB,PKR/SEK,PKR,SEK,0.03316,0.03612,0.03464,0.00296,0.03316,0.03612,1,2026-09-01,Pakistan,0
2026-09-01T21:27:15+02:00,SEB,PLN/SEK,PLN,SEK,2.545,2.5973,2.57115,0.0523,2.545,2.5973,1,2026-09-01,Poland,0
2026-09-01T21:27:15+02:00,SEB,PYG/SEK,PYG,SEK,0.0016,0.0017,0.00165,0.0001,0.0016,0.0017,1,2026-09-01,Paraguay,0
2026-09-01T21:27:15+02:00,SEB,QAR/SEK,QAR,SEK,2.5846,2.693,2.6388,0.1084,2.5846,2.693,1,2026-09-01,Qatar,0
2026-09-01T21:27:15+02:00,SEB,RON/SEK,RON,SEK,2.0778,2.1645,2.12115,0.0867,2.0778,2.1645,1,2026-09-01,Romania,0
2026-09-01T21:27:15+02:00,SEB,RSD/SEK,RSD,SEK,0.0943,0.0957,0.095,0.0014,0.0943,0.0957,1,2026-09-01,Serbia,0
2026-09-01T21:27:15+02:00,SEB,RUB/SEK,RUB,SEK,0.10806,0.11289,0.110475,0.00483,0.10806,0.11289,1,2026-09-01,Russia,0
2026-09-01T21:27:15+02:00,SEB,RWF/SEK,RWF,SEK,0.0064,0.0067,0.00655,0.0003,0.0064,0.0067,1,2026-09-01,Rwanda,0
2026-09-01T21:27:15+02:00,SEB,SAR/SEK,SAR,SEK,2.523,2.6008,2.5619,0.0778,2.523,2.6008,1,2026-09-01,Saudi Arabia,0
2026-09-01T21:27:15+02:00,SEB,SBD/SEK,SBD,SEK,1.173,1.2165,1.19475,0.0435,1.173,1.2165,1,2026-09-01,Solomon Islands,0
2026-09-01T21:27:15+02:00,SEB,SCR/SEK,SCR,SEK,0.6656,0.7213,0.69345,0.0557,0.6656,0.7213,1,2026-09-01,Seychelles,0
2026-09-01T21:27:15+02:00,SEB,SDG/SEK,SDG,SEK,0.0158,0.0162,0.016,0.0004,0.0158,0.0162,1,2026-09-01,Sudan Rep,0
2026-09-01T21:27:15+02:00,SEB,SGD/SEK,SGD,SEK,7.5072,7.5998,7.5535,0.0926,7.5072,7.5998,1,2026-09-01,Singapore,0
2026-09-01T21:27:15+02:00,SEB,SLL/SEK,SLL,SEK,0.0004,0.0005,0.00045,0.0001,0.0004,0.0005,1,2026-09-01,Sierra Leone,0
2026-09-01T21:27:15+02:00,SEB,SOS/SEK,SOS,SEK,0.0166,0.0171,0.01685,0.0005,0.0166,0.0171,1,2026-09-01,Somali Rep,0
2026-09-01T21:27:15+02:00,SEB,SRD/SEK,SRD,SEK,0.2488,0.2553,0.25205,0.0065,0.2488,0.2553,1,2026-09-01,Surinam,0
2026-09-01T21:27:15+02:00,SEB,STN/SEK,STN,SEK,0.4431,0.4579,0.4505,0.0148,0.4431,0.4579,1,2026-09-01,Sao Tome & Principe,0
2026-09-01T21:27:15+02:00,SEB,SVC/SEK,SVC,SEK,1.0914,1.1061,1.09875,0.0147,1.0914,1.1061,1,2026-09-01,El Salvador,0
2026-09-01T21:27:15+02:00,SEB,SYP/SEK,SYP,SEK,0.078,0.0797,0.07885,0.0017,0.078,0.0797,1,2026-09-01,Syria,0
2026-09-01T21:27:15+02:00,SEB,SZL/SEK,SZL,SEK,0.5906,0.5991,0.59485,0.0085,0.5906,0.5991,1,2026-09-01,Swaziland,0
2026-09-01T21:27:15+02:00,SEB,THB/SEK,THB,SEK,0.2859,0.29182,0.28886,0.00592,0.2859,0.29182,1,2026-09-01,Thailand,0
2026-09-01T21:27:15+02:00,SEB,TMT/SEK,TMT,SEK,2.7276,2.769,2.7483,0.0414,2.7276,2.769,1,2026-09-01,Turkmenistan,0
2026-09-01T21:27:15+02:00,SEB,TND/SEK,TND,SEK,3.1234,3.4786,3.301,0.3552,3.1234,3.4786,1,2026-09-01,Tunisia,0
2026-09-01T21:27:15+02:00,SEB,TOP/SEK,TOP,SEK,3.9198,4.2098,4.0648,0.29,3.9198,4.2098,1,2026-09-01,Tonga Isl.,0
2026-09-01T21:27:15+02:00,SEB,TRY/SEK,TRY,SEK,0.19467,0.20352,0.199095,0.00885,0.19467,0.20352,1,2026-09-01,Turkey,0
2026-09-01T21:27:15+02:00,SEB,TTD/SEK,TTD,SEK,1.4006,1.4389,1.41975,0.0383,1.4006,1.4389,1,2026-09-01,Trinidad/Tobago,0
2026-09-01T21:27:15+02:00,SEB,TWD/SEK,TWD,SEK,0.296513,0.3095267,0.30302,0.013014,0.296513,0.3095267,1,2026-09-01,Taiwan,0
2026-09-01T21:27:15+02:00,SEB,TZS/SEK,TZS,SEK,0.003594,0.003694,0.003644,0.0001,0.003594,0.003694,1,2026-09-01,Tanzania,0
2026-09-01T21:27:15+02:00,SEB,UAH/SEK,UAH,SEK,0.205989,0.225831,0.21591,0.019842,0.205989,0.225831,1,2026-09-01,Ukraine,0
2026-09-01T21:27:15+02:00,SEB,UGX/SEK,UGX,SEK,0.0025,0.0026,0.00255,0.0001,0.0025,0.0026,1,2026-09-01,Uganda,0
2026-09-01T21:27:15+02:00,SEB,USD/SEK,USD,SEK,9.5483,9.69,9.61915,0.1417,9.5483,9.69,1,2026-09-01,USA,0
2026-09-01T21:27:15+02:00,SEB,UYU/SEK,UYU,SEK,0.2373,0.2405,0.2389,0.0032,0.2373,0.2405,1,2026-09-01,Uruguay,0
2026-09-01T21:27:15+02:00,SEB,UZS/SEK,UZS,SEK,0.000808,0.00082,0.000814,1.2e-05,0.000808,0.00082,1,2026-09-01,Uzbekistan,0
2026-09-01T21:27:15+02:00,SEB,VEF/SEK,VEF,SEK,3.842e-05,3.899e-05,3.9e-05,1e-06,3.842e-05,3.899e-05,1,2026-09-01,Venezuela,0
2026-09-01T21:27:15+02:00,SEB,VND/SEK,VND,SEK,0.0003607,0.00037679,0.000369,1.6e-05,0.0003607,0.00037679,1,2026-09-01,Vietnam,0
2026-09-01T21:27:15+02:00,SEB,VUV/SEK,VUV,SEK,0.0781,0.0838,0.08095,0.0057,0.0781,0.0838,1,2026-09-01,Vanuatu,0
2026-09-01T21:27:15+02:00,SEB,WST/SEK,WST,SEK,3.4647,3.6717,3.5682,0.207,3.4647,3.6717,1,2026-09-01,Western Samoa,0
2026-09-01T21:27:15+02:00,SEB,XAF/SEK,XAF,SEK,0.0163,0.0172,0.01675,0.0009,0.0163,0.0172,1,2026-09-01,Cameroon,0
2026-09-01T21:27:15+02:00,SEB,XCD/SEK,XCD,SEK,3.5149,3.5977,3.5563,0.0828,3.5149,3.5977,1,2026-09-01,Antigua,0
2026-09-01T21:27:15+02:00,SEB,XCG/SEK,XCG,SEK,5.253,5.4232,5.3381,0.1702,5.253,5.4232,1,2026-09-01,Curacao/Sint Maarten,0
2026-09-01T21:27:15+02:00,SEB,XOF/SEK,XOF,SEK,0.0167,0.0173,0.017,0.0006,0.0167,0.0173,1,2026-09-01,Benin,0
2026-09-01T21:27:15+02:00,SEB,XPF/SEK,XPF,SEK,0.0923,0.0943,0.0933,0.002,0.0923,0.0943,1,2026-09-01,French Pacific Isl.,0
2026-09-01T21:27:15+02:00,SEB,YER/SEK,YER,SEK,0.0403,0.0409,0.0406,0.0006,0.0403,0.0409,1,2026-09-01,Yemen,0
2026-09-01T21:27:15+02:00,SEB,ZAR/SEK,ZAR,SEK,0.5827,0.6069,0.5948,0.0242,0.5827,0.6069,1,2026-09-01,South Africa,0
2026-09-01T21:27:15+02:00,SEB,ZMW/SEK,ZMW,SEK,0.5016,0.5092,0.5054,0.0076,0.5016,0.5092,1,2026-09-01,Zambia,0
2026-09-01T21:27:15+02:00,Danske Bank,AUD/SEK,AUD,SEK,6.8068,6.8951,6.85095,0.0883,6.8068,6.8951,1,11:59:59,Australiensiska dollar,0
2026-09-01T21:27:15+02:00,Danske Bank,BRL/SEK,BRL,SEK,1.799,1.8999,1.84945,0.1009,1.799,1.8999,1,11:59:59,Brasilianska real,0
2026-09-01T21:27:15+02:00,Danske Bank,CAD/SEK,CAD,SEK,6.8712,6.9592,6.9152,0.088,6.8712,6.9592,1,11:59:59,Kanadensiska dollar,0
2026-09-01T21:27:15+02:00,Danske Bank,CHF/SEK,CHF,SEK,11.7737,11.9114,11.84255,0.1377,11.7737,11.9114,1,11:59:58,Schweiziska franc,0
2026-09-01T21:27:15+02:00,Danske Bank,CNY/SEK,CNY,SEK,1.4113,1.442,1.42665,0.0307,1.4113,1.442,1,11:59:59,Kinesiska yuan,0
2026-09-01T21:27:15+02:00,Danske Bank,CZK/SEK,CZK,SEK,0.45559,0.4649,0.460245,0.00931,0.45559,0.4649,1,11:59:58,Tjeckiska koruna,0
2026-09-01T21:27:15+02:00,Danske Bank,DKK/SEK,DKK,SEK,1.4793,1.4959,1.4876,0.0166,1.4793,1.4959,1,11:59:58,Danska kronor,0
2026-09-01T21:27:15+02:00,Danske Bank,EUR/SEK,EUR,SEK,11.0523,11.1859,11.1191,0.1336,11.0523,11.1859,1,11:59:58,Euro,0
2026-09-01T21:27:15+02:00,Danske Bank,GBP/SEK,GBP,SEK,12.9129,13.0586,12.98575,0.1457,12.9129,13.0586,1,11:59:59,Pound sterling,0
2026-09-01T21:27:15+02:00,Danske Bank,HKD/SEK,HKD,SEK,1.2109,1.2355,1.2232,0.0246,1.2109,1.2355,1,11:59:59,Hong Kong dollar,0
2026-09-01T21:27:15+02:00,Danske Bank,HUF/SEK,HUF,SEK,0.029794,0.030822,0.030308,0.001028,0.029794,0.030822,1,11:59:58,Ungerska forint,0
2026-09-01T21:27:15+02:00,Danske Bank,ILS/SEK,ILS,SEK,3.1043,3.2627,3.1835,0.1584,3.1043,3.2627,1,11:59:59,Israelska new shekel,0
2026-09-01T21:27:15+02:00,Danske Bank,INR/SEK,INR,SEK,0.09769,0.10434,0.101015,0.00665,0.09769,0.10434,1,11:59:59,Indiska rupees,0
2026-09-01T21:27:15+02:00,Danske Bank,JPY/SEK,JPY,SEK,0.059408,0.060438,0.059923,0.00103,0.059408,0.060438,1,11:59:59,Japanska yen,0
2026-09-01T21:27:15+02:00,Danske Bank,NOK/SEK,NOK,SEK,1.0201,1.0349,1.0275,0.0148,1.0201,1.0349,1,11:59:59,Norska kronor,0
2026-09-01T21:27:15+02:00,Danske Bank,NZD/SEK,NZD,SEK,5.6097,5.6979,5.6538,0.0882,5.6097,5.6979,1,11:59:59,Nya Zeeländska dollar,0
2026-09-01T21:27:15+02:00,Danske Bank,PLN/SEK,PLN,SEK,2.5349,2.5965,2.5657,0.0616,2.5349,2.5965,1,11:59:58,Polska zloty,0
2026-09-01T21:27:15+02:00,Danske Bank,SGD/SEK,SGD,SEK,7.4905,7.5738,7.53215,0.0833,7.4905,7.5738,1,11:59:59,Singapore dollar,0
2026-09-01T21:27:15+02:00,Danske Bank,THB/SEK,THB,SEK,0.28167,0.29487,0.28827,0.0132,0.28167,0.29487,1,11:59:59,Thailändska baht,0
2026-09-01T21:27:15+02:00,Danske Bank,TRY/SEK,TRY,SEK,0.18063,0.21673,0.19868,0.0361,0.18063,0.21673,1,11:59:59,Turkiska lira,0
2026-09-01T21:27:15+02:00,Danske Bank,USD/SEK,USD,SEK,9.5243,9.6577,9.591,0.1334,9.5243,9.6577,1,11:59:59,Amerikanska dollar,0
2026-09-01T21:27:15+02:00,Danske Bank,ZAR/SEK,ZAR,SEK,0.58338,0.60379,0.593585,0.02041,0.58338,0.60379,1,11:59:59,Sydafrikanska rand,0
2026-09-01T21:27:15+02:00,Handelsbanken,EUR/SEK,EUR,SEK,,,11.1489,,11.1477,11.1501,1,,EUR/SEK Spot,0
2026-09-01T21:27:15+02:00,Handelsbanken,USD/SEK,USD,SEK,,,9.6172,,9.6161,9.6182,1,,USD/SEK Spot,0
2026-09-01T21:27:15+02:00,Handelsbanken,GBP/SEK,GBP,SEK,,,12.9978,,12.9928,13.0028,1,,GBP/SEK Spot,0
2026-09-01T21:27:15+02:00,Handelsbanken,JPY/SEK,JPY,SEK,,,6.004,,5.999,6.009,1,,JPY/SEK Spot,0
2026-09-01T21:27:15+02:00,Handelsbanken,CHF/SEK,CHF,SEK,,,11.8491,,11.8441,11.8541,1,,CHF/SEK Spot,0
2026-09-01T21:27:15+02:00,Handelsbanken,NOK/SEK,NOK,SEK,,,1.0314,,1.0309,1.0319,1,,NOK/SEK Spot,0
2026-09-01T21:27:15+02:00,Handelsbanken,DKK/SEK,DKK,SEK,,,1.4915,,1.491,1.492,1,,DKK/SEK Spot,0
2026-09-01T21:27:15+02:00,Handelsbanken,CAD/SEK,CAD,SEK,,,6.9217,,6.9167,6.9267,1,,CAD/SEK Spot,0
2026-09-01T21:27:15+02:00,Handelsbanken,AUD/SEK,AUD,SEK,,,6.8731,,6.8726,6.8736,1,,AUD/SEK Spot,0
2026-09-01T21:27:15+02:00,Handelsbanken,NZD/SEK,NZD,SEK,,,5.6664,,5.6659,5.6669,1,,NZD/SEK Spot,0
2026-09-01T21:27:15+02:00,Swedbank,AUD/SEK,AUD,SEK,6.7994,6.9016,6.8505,0.1022,6.7994,6.9016,1,2026-09-01,Australien,0
2026-09-01T21:27:15+02:00,Swedbank,DKK/SEK,DKK,SEK,1.4753,1.4971,1.4862,0.0218,1.4753,1.4971,1,2026-09-01,Danmark,0
2026-09-01T21:27:15+02:00,Swedbank,EUR/SEK,EUR,SEK,11.0283,11.1905,11.1094,0.1622,11.0283,11.1905,1,2026-09-01,Euro,0
2026-09-01T21:27:15+02:00,Swedbank,HKD/SEK,HKD,SEK,1.2057,1.2368,1.22125,0.0311,1.2057,1.2368,1,2026-09-01,Hong Kong,0
2026-09-01T21:27:15+02:00,Swedbank,INR/SEK,INR,SEK,0.0983,0.1034,0.10085,0.0051,0.0983,0.1034,1,2026-09-01,Indien,0
2026-09-01T21:27:15+02:00,Swedbank,JPY/SEK,JPY,SEK,0.0594,0.0603,0.05985,0.0009,0.0594,0.0603,1,2026-09-01,Japan,0
2026-09-01T21:27:15+02:00,Swedbank,CAD/SEK,CAD,SEK,6.8494,6.953,6.9012,0.1036,6.8494,6.953,1,2026-09-01,Kanada,0
2026-09-01T21:27:15+02:00,Swedbank,CNY/SEK,CNY,SEK,1.4055,1.4447,1.4251,0.0392,1.4055,1.4447,1,2026-09-01,Kina,0
2026-09-01T21:27:15+02:00,Swedbank,MXN/SEK,MXN,SEK,0.5577,0.5724,0.56505,0.0147,0.5577,0.5724,1,2026-09-01,Mexiko,0
2026-09-01T21:27:15+02:00,Swedbank,NOK/SEK,NOK,SEK,1.0201,1.0352,1.02765,0.0151,1.0201,1.0352,1,2026-09-01,Norge,0
2026-09-01T21:27:15+02:00,Swedbank,NZD/SEK,NZD,SEK,5.6143,5.6994,5.65685,0.0851,5.6143,5.6994,1,2026-09-01,Nya Zeeland,0
2026-09-01T21:27:15+02:00,Swedbank,PLN/SEK,PLN,SEK,2.551,2.5899,2.57045,0.0389,2.551,2.5899,1,2026-09-01,Polen,0
2026-09-01T21:27:15+02:00,Swedbank,CHF/SEK,CHF,SEK,11.7366,11.9121,11.82435,0.1755,11.7366,11.9121,1,2026-09-01,Schweiz,0
2026-09-01T21:27:15+02:00,Swedbank,SGD/SEK,SGD,SEK,7.4715,7.5826,7.52705,0.1111,7.4715,7.5826,1,2026-09-01,Singapore,0
2026-09-01T21:27:15+02:00,Swedbank,GBP/SEK,GBP,SEK,12.8734,13.0648,12.9691,0.1914,12.8734,13.0648,1,2026-09-01,Storbritannien,0
2026-09-01T21:27:15+02:00,Swedbank,ZAR/SEK,ZAR,SEK,0.5868,0.602,0.5944,0.0152,0.5868,0.602,1,2026-09-01,Sydafrika,0
2026-09-01T21:27:15+02:00,Swedbank,THB/SEK,THB,SEK,0.2842,0.2921,0.28815,0.0079,0.2842,0.2921,1,2026-09-01,Thailand,0
2026-09-01T21:27:15+02:00,Swedbank,CZK/SEK,CZK,SEK,0.4562,0.4631,0.45965,0.0069,0.4562,0.4631,1,2026-09-01,Tjeckien,0
2026-09-01T21:27:15+02:00,Swedbank,TRY/SEK,TRY,SEK,0.1956,0.2008,0.1982,0.0052,0.1956,0.2008,1,2026-09-01,Turkiet,0
2026-09-01T21:27:15+02:00,Swedbank,HUF/SEK,HUF,SEK,0.0299,0.0307,0.0303,0.0008,0.0299,0.0307,1,2026-09-01,Ungern,0
2026-09-01T21:27:15+02:00,Swedbank,USD/SEK,USD,SEK,9.504,9.6441,9.57405,0.1401,9.504,9.6441,1,2026-09-01,USA,0
2026-09-01T21:27:15+02:00,Swedbank (Privat),AUD/SEK,AUD,SEK,6.8001,6.9499,6.875,0.1498,6.8001,6.9499,1,2026-09-01,Australien,0
2026-09-01T21:27:15+02:00,Swedbank (Privat),DKK/SEK,DKK,SEK,1.4752,1.5078,1.4915,0.0326,1.4752,1.5078,1,2026-09-01,Danmark,0
2026-09-01T21:27:15+02:00,Swedbank (Privat),EUR/SEK,EUR,SEK,11.0279,11.2701,11.149,0.2422,11.0279,11.2701,1,2026-09-01,Euro,0
2026-09-01T21:27:15+02:00,Swedbank (Privat),HKD/SEK,HKD,SEK,1.207,1.2467,1.22685,0.0397,1.207,1.2467,1,2026-09-01,Hong Kong,0
2026-09-01T21:27:15+02:00,Swedbank (Privat),INR/SEK,INR,SEK,0.0983,0.1043,0.1013,0.006,0.0983,0.1043,1,2026-09-01,Indien,0
2026-09-01T21:27:15+02:00,Swedbank (Privat),JPY/SEK,JPY,SEK,0.0594,0.0607,0.06005,0.0013,0.0594,0.0607,1,2026-09-01,Japan,0
2026-09-01T21:27:15+02:00,Swedbank (Privat),CAD/SEK,CAD,SEK,6.8482,6.999,6.9236,0.1508,6.8482,6.999,1,2026-09-01,Kanada,0
2026-09-01T21:27:15+02:00,Swedbank (Privat),CNY/SEK,CNY,SEK,1.4061,1.4557,1.4309,0.0496,1.4061,1.4557,1,2026-09-01,Kina,0
2026-09-01T21:27:15+02:00,Swedbank (Privat),MXN/SEK,MXN,SEK,0.5568,0.5751,0.56595,0.0183,0.5568,0.5751,1,2026-09-01,Mexiko,0
2026-09-01T21:27:15+02:00,Swedbank (Privat),NOK/SEK,NOK,SEK,1.0166,1.0467,1.03165,0.0301,1.0166,1.0467,1,2026-09-01,Norge,0
2026-09-01T21:27:15+02:00,Swedbank (Privat),NZD/SEK,NZD,SEK,5.6055,5.7296,5.66755,0.1241,5.6055,5.7296,1,2026-09-01,Nya Zeeland,0
2026-09-01T21:27:15+02:00,Swedbank (Privat),PLN/SEK,PLN,SEK,2.5428,2.5994,2.5711,0.0566,2.5428,2.5994,1,2026-09-01,Polen,0
2026-09-01T21:27:15+02:00,Swedbank (Privat),CHF/SEK,CHF,SEK,11.72,11.9781,11.84905,0.2581,11.72,11.9781,1,2026-09-01,Schweiz,0
2026-09-01T21:27:15+02:00,Swedbank (Privat),SGD/SEK,SGD,SEK,7.4708,7.6358,7.5533,0.165,7.4708,7.6358,1,2026-09-01,Singapore,0
2026-09-01T21:27:15+02:00,Swedbank (Privat),GBP/SEK,GBP,SEK,12.8573,13.1406,12.99895,0.2833,12.8573,13.1406,1,2026-09-01,Storbritannien,0
2026-09-01T21:27:15+02:00,Swedbank (Privat),ZAR/SEK,ZAR,SEK,0.5851,0.6045,0.5948,0.0194,0.5851,0.6045,1,2026-09-01,Sydafrika,0
2026-09-01T21:27:15+02:00,Swedbank (Privat),THB/SEK,THB,SEK,0.2841,0.2938,0.28895,0.0097,0.2841,0.2938,1,2026-09-01,Thailand,0
2026-09-01T21:27:15+02:00,Swedbank (Privat),CZK/SEK,CZK,SEK,0.4554,0.4656,0.4605,0.0102,0.4554,0.4656,1,2026-09-01,Tjeckien,0
2026-09-01T21:27:15+02:00,Swedbank (Privat),TRY/SEK,TRY,SEK,0.1957,0.2024,0.19905,0.0067,0.1957,0.2024,1,2026-09-01,Turkiet,0
2026-09-01T21:27:15+02:00,Swedbank (Privat),HUF/SEK,HUF,SEK,0.0298,0.0308,0.0303,0.001,0.0298,0.0308,1,2026-09-01,Ungern,0
2026-09-01T21:27:15+02:00,Swedbank (Privat),USD/SEK,USD,SEK,9.5144,9.7237,9.61905,0.2093,9.5144,9.7237,1,2026-09-01,USA,0
2026-09-02T13:30:17+02:00,DNB,NOK/SEK,NOK,SEK,1.0262,1.0402,1.0332,0.014,102.62,104.02,100,2026-09-02,Norge,0
2026-09-02T13:30:17+02:00,DNB,USD/SEK,USD,SEK,9.5853,9.6913,9.6383,0.106,9.5853,9.6913,1,2026-09-02,USA,0
2026-09-02T13:30:17+02:00,DNB,EUR/SEK,EUR,SEK,11.0875,11.2125,11.15,0.125,11.0875,11.2125,1,2026-09-02,Europeiska unionen,0
2026-09-02T13:30:17+02:00,DNB,DKK/SEK,DKK,SEK,1.4837,1.4987000000000001,1.4912,0.015,148.37,149.87,100,2026-09-02,Danmark,0
2026-09-02T13:30:17+02:00,DNB,GBP/SEK,GBP,SEK,12.9334,13.0794,13.0064,0.146,12.9334,13.0794,1,2026-09-02,Storbritannien,0
2026-09-02T13:30:17+02:00,DNB,CHF/SEK,CHF,SEK,11.792200000000001,11.904200000000001,11.8482,0.112,1179.22,1190.42,100,2026-09-02,Schweiz,0
2026-09-02T13:30:17+02:00,DNB,JPY/SEK,JPY,SEK,0.059831,0.060830999999999996,0.060331,0.001,5.9831,6.0831,100,2026-09-02,Japan,0
2026-09-02T13:30:17+02:00,DNB,AED/SEK,AED,SEK,2.6033,2.6473,2.6253,0.044,2.6033,2.6473,1,2026-09-02,Arabemirater,0
2026-09-02T13:30:17+02:00,DNB,AUD/SEK,AUD,SEK,6.8422,6.9272,6.8847,0.085,6.8422,6.9272,1,2026-09-02,Australien,0
2026-09-02T13:30:17+02:00,DNB,BHD/SEK,BHD,SEK,25.3964,25.7964,25.5964,0.4,25.3964,25.7964,1,2026-09-02,Bahrain,0
2026-09-02T13:30:17+02:00,DNB,BWP/SEK,BWP,SEK,0.7045,0.7345,0.7195,0.03,0.7045,0.7345,1,2026-09-02,Botswana,0
2026-09-02T13:30:17+02:00,DNB,PHP/SEK,PHP,SEK,0.1515,0.15689999999999998,0.1542,0.0054,15.15,15.69,100,2026-09-02,Filippinerna,0
2026-09-02T13:30:17+02:00,DNB,HKD/SEK,HKD,SEK,1.2173,1.2413,1.2293,0.024,1.2173,1.2413,1,2026-09-02,Hong Kong,0
2026-09-02T13:30:17+02:00,DNB,INR/SEK,INR,SEK,0.0993,0.1037,0.1015,0.0044,0.0993,0.1037,1,2026-09-02,Indien,0
2026-09-02T13:30:17+02:00,DNB,IDR/SEK,IDR,SEK,0.000531,0.000555,0.000543,2.4e-05,0.0531,0.0555,100,2026-09-02,Indonesien,0
2026-09-02T13:30:17+02:00,DNB,ISK/SEK,ISK,SEK,0.078268,0.080868,0.079568,0.0026,7.8268,8.0868,100,2026-09-02,Island,0
2026-09-02T13:30:17+02:00,DNB,ILS/SEK,ILS,SEK,3.1494,3.2094,3.1794,0.06,3.1494,3.2094,1,2026-09-02,Israel,0
2026-09-02T13:30:17+02:00,DNB,CAD/SEK,CAD,SEK,6.8773,6.9673,6.9223,0.09,6.8773,6.9673,1,2026-09-02,Kanada,0
2026-09-02T13:30:17+02:00,DNB,KES/SEK,KES,SEK,0.073423,0.07642299999999999,0.074923,0.003,7.3423,7.6423,100,2026-09-02,Kenya,0
2026-09-02T13:30:17+02:00,DNB,CNH/SEK,CNH,SEK,1.4182,1.4482,1.4332,0.03,141.82,144.82,100,2026-09-02,Kina,0
2026-09-02T13:30:17+02:00,DNB,CNY/SEK,CNY,SEK,1.4195,1.4494999999999998,1.4345,0.03,141.95,144.95,100,2026-09-02,Kina,0
2026-09-02T13:30:17+02:00,DNB,KWD/SEK,KWD,SEK,31.3369,31.8369,31.5869,0.5,31.3369,31.8369,1,2026-09-02,Kuwait,0
2026-09-02T13:30:17+02:00,DNB,MAD/SEK,MAD,SEK,1.0126,1.0566,1.0346,0.044,101.26,105.66,100,2026-09-02,Marocko,0
2026-09-02T13:30:17+02:00,DNB,MXN/SEK,MXN,SEK,0.5603,0.5743,0.5673,0.014,56.03,57.43,100,2026-09-02,Mexiko,0
2026-09-02T13:30:17+02:00,DNB,NZD/SEK,NZD,SEK,5.5846,5.6666,5.6256,0.082,5.5846,5.6666,1,2026-09-02,Nya Zeeland,0
2026-09-02T13:30:17+02:00,DNB,OMR/SEK,OMR,SEK,24.87,25.27,25.07,0.4,24.87,25.27,1,2026-09-02,Oman,0
2026-09-02T13:30:17+02:00,DNB,PKR/SEK,PKR,SEK,0.034,0.0356,0.0348,0.0016,0.034,0.0356,1,2026-09-02,Pakistan,0
2026-09-02T13:30:17+02:00,DNB,PLN/SEK,PLN,SEK,2.5492,2.5942000000000003,2.5717,0.045,254.92,259.42,100,2026-09-02,Polen,0
2026-09-02T13:30:17+02:00,DNB,QAR/SEK,QAR,SEK,2.6242,2.6682,2.6462,0.044,2.6242,2.6682,1,2026-09-02,Qatar,0
2026-09-02T13:30:17+02:00,DNB,RON/SEK,RON,SEK,2.0991,2.1511,2.1251,0.052,209.91,215.11,100,2026-09-02,Rumänien,0
2026-09-02T13:30:17+02:00,DNB,SAR/SEK,SAR,SEK,2.5475,2.5875,2.5675,0.04,2.5475,2.5875,1,2026-09-02,Saudiarabien,0
2026-09-02T13:30:17+02:00,DNB,SGD/SEK,SGD,SEK,7.5268,7.6108,7.5688,0.084,7.5268,7.6108,1,2026-09-02,Singapore,0
2026-09-02T13:30:17+02:00,DNB,LKR/SEK,LKR,SEK,0.0286,0.0302,0.0294,0.0016,2.86,3.02,100,2026-09-02,Sri Lanka,0
2026-09-02T13:30:17+02:00,DNB,ZAR/SEK,ZAR,SEK,0.5821,0.6081,0.5951,0.026,0.5821,0.6081,1,2026-09-02,Sydafrika,0
2026-09-02T13:30:17+02:00,DNB,KRW/SEK,KRW,SEK,0.006953,0.0071530000000000005,0.007053,0.0002,0.6953,0.7153,100,2026-09-02,Sydkorea,0
2026-09-02T13:30:17+02:00,DNB,TZS/SEK,TZS,SEK,0.003596,0.0037359999999999997,0.003666,0.00014,0.3596,0.3736,100,2026-09-02,Tanzania,0
2026-09-02T13:30:17+02:00,DNB,THB/SEK,THB,SEK,0.28600000000000003,0.293,0.2895,0.007,28.6,29.3,100,2026-09-02,Thailand,0
2026-09-02T13:30:17+02:00,DNB,CZK/SEK,CZK,SEK,0.4571,0.4637,0.4604,0.0066,45.71,46.37,100,2026-09-02,Tjeckien,0
2026-09-02T13:30:17+02:00,DNB,TND/SEK,TND,SEK,3.278,3.378,3.328,0.1,3.278,3.378,1,2026-09-02,Tunisien,0
2026-09-02T13:30:17+02:00,DNB,TRY/SEK,TRY,SEK,0.19469999999999998,0.2047,0.1997,0.01,19.47,20.47,100,2026-09-02,Turkiet,0
2026-09-02T13:30:17+02:00,DNB,HUF/SEK,HUF,SEK,0.029769999999999998,0.03047,0.03012,0.0007,2.977,3.047,100,2026-09-02,Ungern,0
2026-09-02T13:30:17+02:00,Nordea,AED/SEK,AED,SEK,2.5939,2.6656,2.62975,0.0717,2.5939,2.6656,1,2026-09-02,,0
2026-09-02T13:30:17+02:00,Nordea,AUD/SEK,AUD,SEK,6.8209,6.9573,6.8891,0.1364,6.8209,6.9573,1,2026-09-02,,0
2026-09-02T13:30:17+02:00,Nordea,BDT/SEK,BDT,SEK,0.075852,0.081337,0.078595,0.005485,0.075852,0.081337,1,2026-09-02,,0
2026-09-02T13:30:17+02:00,Nordea,BHD/SEK,BHD,SEK,25.263,25.9656,25.6143,0.7026,25.263,25.9656,1,2026-09-02,,0
2026-09-02T13:30:17+02:00,Nordea,CAD/SEK,CAD,SEK,6.8652,7.0025,6.93385,0.1373,6.8652,7.0025,1,2026-09-02,,0
2026-09-02T13:30:17+02:00,Nordea,CHF/SEK,CHF,SEK,11.7339,11.9686,11.85125,0.2347,11.7339,11.9686,1,2026-09-02,,0
2026-09-02T13:30:17+02:00,Nordea,CNH/SEK,CNH,SEK,1.4171,1.4562,1.43665,0.0391,1.4171,1.4562,1,2026-09-02,,0
2026-09-02T13:30:17+02:00,Nordea,CNY/SEK,CNY,SEK,1.40748,1.46609,1.436785,0.05861,1.40748,1.46609,1,2026-09-02,,0
2026-09-02T13:30:17+02:00,Nordea,CZK/SEK,CZK,SEK,0.45531,0.48762,0.471465,0.03231,0.45531,0.48762,1,2026-09-02,,0
2026-09-02T13:30:17+02:00,Nordea,DKK/SEK,DKK,SEK,1.48061,1.50997,1.49529,0.02936,1.48061,1.50997,1,2026-09-02,,0
2026-09-02T13:30:17+02:00,Nordea,EGP/SEK,EGP,SEK,0.1831,0.1948,0.18895,0.0117,0.1831,0.1948,1,2026-09-02,,0
2026-09-02T13:30:17+02:00,Nordea,EUR/SEK,EUR,SEK,11.0755,11.295,11.18525,0.2195,11.0755,11.295,1,2026-09-02,,0
2026-09-02T13:30:17+02:00,Nordea,GBP/SEK,GBP,SEK,12.8949,13.1526,13.02375,0.2577,12.8949,13.1526,1,2026-09-02,,0
2026-09-02T13:30:17+02:00,Nordea,GIP/SEK,GIP,SEK,12.887747,13.160352,13.02405,0.272605,12.887747,13.160352,1,2026-09-02,,0
2026-09-02T13:30:17+02:00,Nordea,HKD/SEK,HKD,SEK,1.21483,1.24841,1.23162,0.03358,1.21483,1.24841,1,2026-09-02,,0
2026-09-02T13:30:17+02:00,Nordea,HUF/SEK,HUF,SEK,0.029886,0.030578,0.030232,0.000692,0.029886,0.030578,1,2026-09-02,,0
2026-09-02T13:30:17+02:00,Nordea,IDR/SEK,IDR,SEK,0.0005326,0.0005551,0.000544,2.2e-05,0.0005326,0.0005551,1,2026-09-02,,0
2026-09-02T13:30:17+02:00,Nordea,ILS/SEK,ILS,SEK,3.1324,3.22,3.1762,0.0876,3.1324,3.22,1,2026-09-02,,0
2026-09-02T13:30:17+02:00,Nordea,INR/SEK,INR,SEK,0.09965,0.10375,0.1017,0.0041,0.09965,0.10375,1,2026-09-02,,0
2026-09-02T13:30:17+02:00,Nordea,ISK/SEK,ISK,SEK,0.0778,0.0812,0.0795,0.0034,0.0778,0.0812,1,2026-09-02,,0
2026-09-02T13:30:17+02:00,Nordea,JPY/SEK,JPY,SEK,0.059812,0.061006,0.060409,0.001194,0.059812,0.061006,1,2026-09-02,,0
2026-09-02T13:30:17+02:00,Nordea,KES/SEK,KES,SEK,0.0731,0.0762,0.07465,0.0031,0.0731,0.0762,1,2026-09-02,,0
2026-09-02T13:30:17+02:00,Nordea,KRW/SEK,KRW,SEK,0.006951,0.007209,0.00708,0.000258,0.006951,0.007209,1,2026-09-02,,0
2026-09-02T13:30:17+02:00,Nordea,KWD/SEK,KWD,SEK,30.7673,31.6691,31.2182,0.9018,30.7673,31.6691,1,2026-09-02,,0
2026-09-02T13:30:17+02:00,Nordea,KZT/SEK,KZT,SEK,0.020812,0.021679,0.021246,0.000867,0.020812,0.021679,1,2026-09-02,,0
2026-09-02T13:30:17+02:00,Nordea,LKR/SEK,LKR,SEK,0.028531,0.030331,0.029431,0.0018,0.028531,0.030331,1,2026-09-02,,0
2026-09-02T13:30:17+02:00,Nordea,MAD/SEK,MAD,SEK,1.0118,1.054,1.0329,0.0422,1.0118,1.054,1,2026-09-02,,0
2026-09-02T13:30:17+02:00,Nordea,MXN/SEK,MXN,SEK,0.55971,0.57521,0.56746,0.0155,0.55971,0.57521,1,2026-09-02,,0
2026-09-02T13:30:17+02:00,Nordea,MYR/SEK,MYR,SEK,2.3616,2.4137,2.38765,0.0521,2.3616,2.4137,1,2026-09-02,,0
2026-09-02T13:30:17+02:00,Nordea,NOK/SEK,NOK,SEK,1.02431,1.04497,1.03464,0.02066,1.02431,1.04497,1,2026-09-02,,0
2026-09-02T13:30:17+02:00,Nordea,NZD/SEK,NZD,SEK,5.5636,5.6751,5.61935,0.1115,5.5636,5.6751,1,2026-09-02,,0
2026-09-02T13:30:17+02:00,Nordea,PEN/SEK,PEN,SEK,2.815199,2.934351,2.874775,0.119152,2.815199,2.934351,1,2026-09-02,,0
2026-09-02T13:30:17+02:00,Nordea,PHP/SEK,PHP,SEK,0.1513,0.1576,0.15445,0.0063,0.1513,0.1576,1,2026-09-02,,0
2026-09-02T13:30:17+02:00,Nordea,PKR/SEK,PKR,SEK,0.0337,0.0359,0.0348,0.0022,0.0337,0.0359,1,2026-09-02,,0
2026-09-02T13:30:17+02:00,Nordea,PLN/SEK,PLN,SEK,2.55448,2.60529,2.579885,0.05081,2.55448,2.60529,1,2026-09-02,,0
2026-09-02T13:30:17+02:00,Nordea,QAR/SEK,QAR,SEK,2.5957,2.7028,2.64925,0.1071,2.5957,2.7028,1,2026-09-02,,0
2026-09-02T13:30:17+02:00,Nordea,RON/SEK,RON,SEK,2.1055,2.1478,2.12665,0.0423,2.1055,2.1478,1,2026-09-02,,0
2026-09-02T13:30:17+02:00,Nordea,RSD/SEK,RSD,SEK,0.0933,0.097274,0.095287,0.003974,0.0933,0.097274,1,2026-09-02,,0
2026-09-02T13:30:17+02:00,Nordea,SAR/SEK,SAR,SEK,2.5365,2.607,2.57175,0.0705,2.5365,2.607,1,2026-09-02,,0
2026-09-02T13:30:17+02:00,Nordea,SGD/SEK,SGD,SEK,7.5071,7.6571,7.5821,0.15,7.5071,7.6571,1,2026-09-02,,0
2026-09-02T13:30:17+02:00,Nordea,THB/SEK,THB,SEK,0.28604,0.29397,0.290005,0.00793,0.28604,0.29397,1,2026-09-02,,0
2026-09-02T13:30:17+02:00,Nordea,TND/SEK,TND,SEK,3.2339,3.3832,3.30855,0.1493,3.2339,3.3832,1,2026-09-02,,0
2026-09-02T13:30:17+02:00,Nordea,TRY/SEK,TRY,SEK,0.1958,0.2039,0.19985,0.0081,0.1958,0.2039,1,2026-09-02,,0
2026-09-02T13:30:17+02:00,Nordea,USD/SEK,USD,SEK,9.5638,9.7547,9.65925,0.1909,9.5638,9.7547,1,2026-09-02,,0
2026-09-02T13:30:17+02:00,Nordea,ZAR/SEK,ZAR,SEK,0.59205,0.60461,0.59833,0.01256,0.59205,0.60461,1,2026-09-02,,0
2026-09-02T13:30:17+02:00,SEB,AED/SEK,AED,SEK,2.6037,2.6517,2.6277,0.048,2.6037,2.6517,1,2026-09-02,United Arab Emirates,0
2026-09-02T13:30:17+02:00,SEB,AFN/SEK,AFN,SEK,0.1481,0.1505,0.1493,0.0024,0.1481,0.1505,1,2026-09-02,Afghanistan,0
2026-09-02T13:30:17+02:00,SEB,ALL/SEK,ALL,SEK,0.1198,0.1224,0.1211,0.0026,0.1198,0.1224,1,2026-09-02,Albania,0
2026-09-02T13:30:17+02:00,SEB,AMD/SEK,AMD,SEK,0.0261,0.0268,0.02645,0.0007,0.0261,0.0268,1,2026-09-02,Armenia,0
2026-09-02T13:30:17+02:00,SEB,ANG/SEK,ANG,SEK,5.2709,5.4415,5.3562,0.1706,5.2709,5.4415,1,2026-09-02,Netherland Antilles,0
2026-09-02T13:30:17+02:00,SEB,AOA/SEK,AOA,SEK,0.0103,0.0107,0.0105,0.0004,0.0103,0.0107,1,2026-09-02,Angola,0
2026-09-02T13:30:17+02:00,SEB,ARS/SEK,ARS,SEK,0.006296,0.006437,0.006367,0.000141,0.006296,0.006437,1,2026-09-02,Argentina,0
2026-09-02T13:30:17+02:00,SEB,AUD/SEK,AUD,SEK,6.84655,6.93049,6.88852,0.08394,6.84655,6.93049,1,2026-09-02,Australia,0
2026-09-02T13:30:17+02:00,SEB,AWG/SEK,AWG,SEK,5.32,5.46,5.39,0.14,5.32,5.46,1,2026-09-02,Aruba,0
2026-09-02T13:30:17+02:00,SEB,AZN/SEK,AZN,SEK,5.62,5.73,5.675,0.11,5.62,5.73,1,2026-09-02,Azerbaijan,0
2026-09-02T13:30:17+02:00,SEB,BAM/SEK,BAM,SEK,5.6652,5.7475,5.70635,0.0823,5.6652,5.7475,1,2026-09-02,Bosnia Herzegovina,0
2026-09-02T13:30:17+02:00,SEB,BBD/SEK,BBD,SEK,4.7254,4.8598,4.7926,0.1344,4.7254,4.8598,1,2026-09-02,Barbados,0
2026-09-02T13:30:17+02:00,SEB,BDT/SEK,BDT,SEK,0.0778,0.0796,0.0787,0.0018,0.0778,0.0796,1,2026-09-02,Bangladesh,0
2026-09-02T13:30:17+02:00,SEB,BHD/SEK,BHD,SEK,25.0757,26.1103,25.593,1.0346,25.0757,26.1103,1,2026-09-02,Bahrain,0
2026-09-02T13:30:17+02:00,SEB,BIF/SEK,BIF,SEK,0.003188,0.003262,0.003225,7.4e-05,0.003188,0.003262,1,2026-09-02,Burundi,0
2026-09-02T13:30:17+02:00,SEB,BMD/SEK,BMD,SEK,9.592,9.7113,9.65165,0.1193,9.592,9.7113,1,2026-09-02,Bermuda,0
2026-09-02T13:30:17+02:00,SEB,BND/SEK,BND,SEK,7.5316,7.6255,7.57855,0.0939,7.5316,7.6255,1,2026-09-02,Brunei,0
2026-09-02T13:30:17+02:00,SEB,BOB/SEK,BOB,SEK,0.7843,0.8039,0.7941,0.0196,0.7843,0.8039,1,2026-09-02,Bolivia,0
2026-09-02T13:30:17+02:00,SEB,BRL/SEK,BRL,SEK,1.81796,1.924776,1.871368,0.106816,1.81796,1.924776,1,2026-09-02,Brazil,0
2026-09-02T13:30:17+02:00,SEB,BSD/SEK,BSD,SEK,9.592,9.7113,9.65165,0.1193,9.592,9.7113,1,2026-09-02,Bahamas,0
2026-09-02T13:30:17+02:00,SEB,BWP/SEK,BWP,SEK,0.6448,0.7349,0.68985,0.0901,0.6448,0.7349,1,2026-09-02,Botswana,0
2026-09-02T13:30:17+02:00,SEB,BYN/SEK,BYN,SEK,3.0833,3.1367,3.11,0.0534,3.0833,3.1367,1,2026-09-02,Belarus,0
2026-09-02T13:30:17+02:00,SEB,BZD/SEK,BZD,SEK,4.7438,4.8547,4.79925,0.1109,4.7438,4.8547,1,2026-09-02,Belize,0
2026-09-02T13:30:17+02:00,SEB,CAD/SEK,CAD,SEK,6.8864,6.9711,6.92875,0.0847,6.8864,6.9711,1,2026-09-02,Canada,0
2026-09-02T13:30:17+02:00,SEB,CDF/SEK,CDF,SEK,0.00417,0.004241,0.004206,7.1e-05,0.00417,0.004241,1,2026-09-02,Congo (Dem Rep),0
2026-09-02T13:30:17+02:00,SEB,CHF/SEK,CHF,SEK,11.7712,11.9156,11.8434,0.1444,11.7712,11.9156,1,2026-09-02,Switzerland,0
2026-09-02T13:30:17+02:00,SEB,CLP/SEK,CLP,SEK,0.01020389,0.01039882,0.010301,0.000195,0.01020389,0.01039882,1,2026-09-02,Chile,0
2026-09-02T13:30:17+02:00,SEB,CNY/SEK,CNY,SEK,1.424,1.4474,1.4357,0.0234,1.424,1.4474,1,2026-09-02,China,0
2026-09-02T13:30:17+02:00,SEB,COP/SEK,COP,SEK,0.00300434,0.00307301,0.003039,6.9e-05,0.00300434,0.00307301,1,2026-09-02,Colombia,0
2026-09-02T13:30:17+02:00,SEB,CRC/SEK,CRC,SEK,0.0208,0.0218,0.0213,0.001,0.0208,0.0218,1,2026-09-02,Costa Rica,0
2026-09-02T13:30:17+02:00,SEB,CUP/SEK,CUP,SEK,0.399708,0.404595,0.402151,0.004887,0.399708,0.404595,1,2026-09-02,Cuba,0
2026-09-02T13:30:17+02:00,SEB,CVE/SEK,CVE,SEK,0.1001,0.102,0.10105,0.0019,0.1001,0.102,1,2026-09-02,Cap Verde,0
2026-09-02T13:30:17+02:00,SEB,CZK/SEK,CZK,SEK,0.45742,0.46589,0.461655,0.00847,0.45742,0.46589,1,2026-09-02,Czech rep,0
2026-09-02T13:30:17+02:00,SEB,DJF/SEK,DJF,SEK,0.0537,0.0547,0.0542,0.001,0.0537,0.0547,1,2026-09-02,Djibouti Rep.,0
2026-09-02T13:30:17+02:00,SEB,DKK/SEK,DKK,SEK,1.48656,1.50231,1.494435,0.01575,1.48656,1.50231,1,2026-09-02,Denmark,0
2026-09-02T13:30:17+02:00,SEB,DOP/SEK,DOP,SEK,0.1625,0.1659,0.1642,0.0034,0.1625,0.1659,1,2026-09-02,Dominican Rep.,0
2026-09-02T13:30:17+02:00,SEB,DZD/SEK,DZD,SEK,0.069,0.0756,0.0723,0.0066,0.069,0.0756,1,2026-09-02,Algeria,0
2026-09-02T13:30:17+02:00,SEB,EGP/SEK,EGP,SEK,0.178008,0.199322,0.188665,0.021314,0.178008,0.199322,1,2026-09-02,Egypt,0
2026-09-02T13:30:17+02:00,SEB,ERN/SEK,ERN,SEK,0.6332,0.6474,0.6403,0.0142,0.6332,0.6474,1,2026-09-02,Eritrea,0
2026-09-02T13:30:17+02:00,SEB,ETB/SEK,ETB,SEK,0.0581,0.0601,0.0591,0.002,0.0581,0.0601,1,2026-09-02,Ethiopia,0
2026-09-02T13:30:17+02:00,SEB,EUR/SEK,EUR,SEK,11.1013,11.2406,11.17095,0.1393,11.1013,11.2406,1,2026-09-02,Euro,0
2026-09-02T13:30:17+02:00,SEB,FJD/SEK,FJD,SEK,4.2919,4.4522,4.37205,0.1603,4.2919,4.4522,1,2026-09-02,Fiji Islands,0
2026-09-02T13:30:17+02:00,SEB,GBP/SEK,GBP,SEK,12.923,13.1029,13.01295,0.1799,12.923,13.1029,1,2026-09-02,United Kingdom,0
2026-09-02T13:30:17+02:00,SEB,GEL/SEK,GEL,SEK,3.6296,3.7608,3.6952,0.1312,3.6296,3.7608,1,2026-09-02,Georgia,0
2026-09-02T13:30:17+02:00,SEB,GHS/SEK,GHS,SEK,0.8195,0.8928,0.85615,0.0733,0.8195,0.8928,1,2026-09-02,Ghana,0
2026-09-02T13:30:17+02:00,SEB,GIP/SEK,GIP,SEK,7.1091,7.1987,7.1539,0.0896,7.1091,7.1987,1,2026-09-02,Gibraltar,0
2026-09-02T13:30:17+02:00,SEB,GMD/SEK,GMD,SEK,0.1275,0.1298,0.12865,0.0023,0.1275,0.1298,1,2026-09-02,Gambia,0
2026-09-02T13:30:17+02:00,SEB,GNF/SEK,GNF,SEK,0.00109,0.001106,0.001098,1.6e-05,0.00109,0.001106,1,2026-09-02,Guinea,0
2026-09-02T13:30:17+02:00,SEB,GTQ/SEK,GTQ,SEK,1.2556,1.2744,1.265,0.0188,1.2556,1.2744,1,2026-09-02,Guatemala,0
2026-09-02T13:30:17+02:00,SEB,GYD/SEK,GYD,SEK,0.0455,0.0467,0.0461,0.0012,0.0455,0.0467,1,2026-09-02,Guyana,0
2026-09-02T13:30:17+02:00,SEB,HKD/SEK,HKD,SEK,1.21998,1.24136,1.23067,0.02138,1.21998,1.24136,1,2026-09-02,Hong Kong,0
2026-09-02T13:30:17+02:00,SEB,HNL/SEK,HNL,SEK,0.3572,0.3622,0.3597,0.005,0.3572,0.3622,1,2026-09-02,Honduras,0
2026-09-02T13:30:17+02:00,SEB,HTG/SEK,HTG,SEK,0.0731,0.0746,0.07385,0.0015,0.0731,0.0746,1,2026-09-02,Haiti,0
2026-09-02T13:30:17+02:00,SEB,HUF/SEK,HUF,SEK,0.030141,0.030513,0.030327,0.000372,0.030141,0.030513,1,2026-09-02,Hungary,0
2026-09-02T13:30:17+02:00,SEB,IDR/SEK,IDR,SEK,0.0005357,0.00055274,0.000544,1.7e-05,0.0005357,0.00055274,1,2026-09-02,Indonesia,0
2026-09-02T13:30:17+02:00,SEB,ILS/SEK,ILS,SEK,3.106,3.2477,3.17685,0.1417,3.106,3.2477,1,2026-09-02,Israel,0
2026-09-02T13:30:17+02:00,SEB,INR/SEK,INR,SEK,0.09789336,0.10548724,0.10169,0.007594,0.09789336,0.10548724,1,2026-09-02,India,0
2026-09-02T13:30:17+02:00,SEB,IQD/SEK,IQD,SEK,0.007068,0.007665,0.007366,0.000597,0.007068,0.007665,1,2026-09-02,Iraq,0
2026-09-02T13:30:17+02:00,SEB,IRR/SEK,IRR,SEK,6.97e-06,7.07e-06,7e-06,0.0,6.97e-06,7.07e-06,1,2026-09-02,Iran,0
2026-09-02T13:30:17+02:00,SEB,ISK/SEK,ISK,SEK,0.0788,0.0802,0.0795,0.0014,0.0788,0.0802,1,2026-09-02,Iceland,0
2026-09-02T13:30:17+02:00,SEB,JMD/SEK,JMD,SEK,0.0601,0.0616,0.06085,0.0015,0.0601,0.0616,1,2026-09-02,Jamaica,0
2026-09-02T13:30:17+02:00,SEB,JOD/SEK,JOD,SEK,13.2501,13.9712,13.61065,0.7211,13.2501,13.9712,1,2026-09-02,Jordan,0
2026-09-02T13:30:17+02:00,SEB,JPY/SEK,JPY,SEK,0.060043,0.060777,0.06041,0.000734,0.060043,0.060777,1,2026-09-02,Japan,0
2026-09-02T13:30:17+02:00,SEB,KES/SEK,KES,SEK,0.07326104,0.07634196,0.074801,0.003081,0.07326104,0.07634196,1,2026-09-02,Kenya,0
2026-09-02T13:30:17+02:00,SEB,KHR/SEK,KHR,SEK,0.002365,0.002402,0.002384,3.7e-05,0.002365,0.002402,1,2026-09-02,Cambodia,0
2026-09-02T13:30:17+02:00,SEB,KMF/SEK,KMF,SEK,0.0225,0.023,0.02275,0.0005,0.0225,0.023,1,2026-09-02,Comoros,0
2026-09-02T13:30:17+02:00,SEB,KRW/SEK,KRW,SEK,0.00699358,0.00716849,0.007081,0.000175,0.00699358,0.00716849,1,2026-09-02,"Korea, South",0
2026-09-02T13:30:17+02:00,SEB,KWD/SEK,KWD,SEK,30.5114,31.8864,31.1989,1.375,30.5114,31.8864,1,2026-09-02,Kuwait,0
2026-09-02T13:30:17+02:00,SEB,KZT/SEK,KZT,SEK,0.020306,0.022052,0.021179,0.001746,0.020306,0.022052,1,2026-09-02,Kazakhstan,0
2026-09-02T13:30:17+02:00,SEB,LAK/SEK,LAK,SEK,0.000425,0.000436,0.000431,1.1e-05,0.000425,0.000436,1,2026-09-02,Laos,0
2026-09-02T13:30:17+02:00,SEB,LBP/SEK,LBP,SEK,0.000107,0.000109,0.000108,2e-06,0.000107,0.000109,1,2026-09-02,Lebanon,0
2026-09-02T13:30:17+02:00,SEB,LKR/SEK,LKR,SEK,0.0292,0.02961,0.029405,0.00041,0.0292,0.02961,1,2026-09-02,Sri Lanka,0
2026-09-02T13:30:17+02:00,SEB,LRD/SEK,LRD,SEK,0.0524,0.0562,0.0543,0.0038,0.0524,0.0562,1,2026-09-02,Liberia,0
2026-09-02T13:30:17+02:00,SEB,LSL/SEK,LSL,SEK,0.5955,0.603,0.59925,0.0075,0.5955,0.603,1,2026-09-02,Lesotho,0
2026-09-02T13:30:17+02:00,SEB,LYD/SEK,LYD,SEK,1.5054,1.5315,1.51845,0.0261,1.5054,1.5315,1,2026-09-02,Libya,0
2026-09-02T13:30:17+02:00,SEB,MAD/SEK,MAD,SEK,1.0073,1.0542,1.03075,0.0469,1.0073,1.0542,1,2026-09-02,Morocco,0
2026-09-02T13:30:17+02:00,SEB,MDL/SEK,MDL,SEK,0.5466,0.5666,0.5566,0.02,0.5466,0.5666,1,2026-09-02,Moldova,0
2026-09-02T13:30:17+02:00,SEB,MGA/SEK,MGA,SEK,0.00221,0.00226,0.002235,5e-05,0.00221,0.00226,1,2026-09-02,Madagascar,0
2026-09-02T13:30:17+02:00,SEB,MKD/SEK,MKD,SEK,0.1797,0.1834,0.18155,0.0037,0.1797,0.1834,1,2026-09-02,Macedonia,0
2026-09-02T13:30:17+02:00,SEB,MMK/SEK,MMK,SEK,0.004554,0.004638,0.004596,8.4e-05,0.004554,0.004638,1,2026-09-02,Burma,0
2026-09-02T13:30:17+02:00,SEB,MNT/SEK,MNT,SEK,0.0026,0.0028,0.0027,0.0002,0.0026,0.0028,1,2026-09-02,Mongolia,0
2026-09-02T13:30:17+02:00,SEB,MOP/SEK,MOP,SEK,1.1861,1.2019,1.194,0.0158,1.1861,1.2019,1,2026-09-02,Macao,0
2026-09-02T13:30:17+02:00,SEB,MRO/SEK,MRO,SEK,0.0267,0.0273,0.027,0.0006,0.0267,0.0273,1,2026-09-02,Mauritania,0
2026-09-02T13:30:17+02:00,SEB,MUR/SEK,MUR,SEK,0.1837,0.214,0.19885,0.0303,0.1837,0.214,1,2026-09-02,Mauritius,0
2026-09-02T13:30:17+02:00,SEB,MVR/SEK,MVR,SEK,0.6189,0.6298,0.62435,0.0109,0.6189,0.6298,1,2026-09-02,Maldives Is,0
2026-09-02T13:30:17+02:00,SEB,MWK/SEK,MWK,SEK,0.0054,0.0057,0.00555,0.0003,0.0054,0.0057,1,2026-09-02,Malawi,0
2026-09-02T13:30:17+02:00,SEB,MXN/SEK,MXN,SEK,0.5579,0.5775,0.5677,0.0196,0.5579,0.5775,1,2026-09-02,Mexico,0
2026-09-02T13:30:17+02:00,SEB,MYR/SEK,MYR,SEK,2.231016,2.539758,2.385387,0.308742,2.231016,2.539758,1,2026-09-02,Malaysia,0
2026-09-02T13:30:17+02:00,SEB,MZN/SEK,MZN,SEK,0.1486,0.1536,0.1511,0.005,0.1486,0.1536,1,2026-09-02,Mozambique,0
2026-09-02T13:30:17+02:00,SEB,NAD/SEK,NAD,SEK,0.5956,0.6031,0.59935,0.0075,0.5956,0.6031,1,2026-09-02,Namibia,0
2026-09-02T13:30:17+02:00,SEB,NGN/SEK,NGN,SEK,0.007123,0.007445,0.007284,0.000322,0.007123,0.007445,1,2026-09-02,Nigeria,0
2026-09-02T13:30:17+02:00,SEB,NIO/SEK,NIO,SEK,0.2592,0.2654,0.2623,0.0062,0.2592,0.2654,1,2026-09-02,Nicaragua,0
2026-09-02T13:30:17+02:00,SEB,NOK/SEK,NOK,SEK,1.02563,1.04145,1.03354,0.01582,1.02563,1.04145,1,2026-09-02,Norway,0
2026-09-02T13:30:17+02:00,SEB,NPR/SEK,NPR,SEK,0.0631,0.064,0.06355,0.0009,0.0631,0.064,1,2026-09-02,Nepal,0
2026-09-02T13:30:17+02:00,SEB,NZD/SEK,NZD,SEK,5.5771,5.6571,5.6171,0.08,5.5771,5.6571,1,2026-09-02,New Zealand,0
2026-09-02T13:30:17+02:00,SEB,OMR/SEK,OMR,SEK,24.5503,25.5771,25.0637,1.0268,24.5503,25.5771,1,2026-09-02,Oman,0
2026-09-02T13:30:17+02:00,SEB,PAB/SEK,PAB,SEK,9.592,9.7113,9.65165,0.1193,9.592,9.7113,1,2026-09-02,Panama,0
2026-09-02T13:30:17+02:00,SEB,PEN/SEK,PEN,SEK,2.850055,2.892656,2.871355,0.042601,2.850055,2.892656,1,2026-09-02,Peru,0
2026-09-02T13:30:17+02:00,SEB,PGK/SEK,PGK,SEK,2.0912,2.1946,2.1429,0.1034,2.0912,2.1946,1,2026-09-02,"Papua, New Guinea",0
2026-09-02T13:30:17+02:00,SEB,PHP/SEK,PHP,SEK,0.132845,0.175577,0.154211,0.042732,0.132845,0.175577,1,2026-09-02,Philippines,0
2026-09-02T13:30:17+02:00,SEB,PKR/SEK,PKR,SEK,0.03335,0.03624,0.034795,0.00289,0.03335,0.03624,1,2026-09-02,Pakistan,0
2026-09-02T13:30:17+02:00,SEB,PLN/SEK,PLN,SEK,2.5545,2.6069,2.5807,0.0524,2.5545,2.6069,1,2026-09-02,Poland,0
2026-09-02T13:30:17+02:00,SEB,PYG/SEK,PYG,SEK,0.0016,0.0017,0.00165,0.0001,0.0016,0.0017,1,2026-09-02,Paraguay,0
2026-09-02T13:30:17+02:00,SEB,QAR/SEK,QAR,SEK,2.5931,2.7014,2.64725,0.1083,2.5931,2.7014,1,2026-09-02,Qatar,0
2026-09-02T13:30:17+02:00,SEB,RON/SEK,RON,SEK,2.0825,2.1685,2.1255,0.086,2.0825,2.1685,1,2026-09-02,Romania,0
2026-09-02T13:30:17+02:00,SEB,RSD/SEK,RSD,SEK,0.0945,0.0959,0.0952,0.0014,0.0945,0.0959,1,2026-09-02,Serbia,0
2026-09-02T13:30:17+02:00,SEB,RUB/SEK,RUB,SEK,0.10783,0.11264,0.110235,0.00481,0.10783,0.11264,1,2026-09-02,Russia,0
2026-09-02T13:30:17+02:00,SEB,RWF/SEK,RWF,SEK,0.0064,0.0067,0.00655,0.0003,0.0064,0.0067,1,2026-09-02,Rwanda,0
2026-09-02T13:30:17+02:00,SEB,SAR/SEK,SAR,SEK,2.5308,2.6087,2.56975,0.0779,2.5308,2.6087,1,2026-09-02,Saudi Arabia,0
2026-09-02T13:30:17+02:00,SEB,SBD/SEK,SBD,SEK,1.177,1.2595,1.21825,0.0825,1.177,1.2595,1,2026-09-02,Solomon Islands,0
2026-09-02T13:30:17+02:00,SEB,SCR/SEK,SCR,SEK,0.676,0.7326,0.7043,0.0566,0.676,0.7326,1,2026-09-02,Seychelles,0
2026-09-02T13:30:17+02:00,SEB,SDG/SEK,SDG,SEK,0.0159,0.0163,0.0161,0.0004,0.0159,0.0163,1,2026-09-02,Sudan Rep,0
2026-09-02T13:30:17+02:00,SEB,SGD/SEK,SGD,SEK,7.5319,7.6249,7.5784,0.093,7.5319,7.6249,1,2026-09-02,Singapore,0
2026-09-02T13:30:17+02:00,SEB,SLL/SEK,SLL,SEK,0.0004,0.0005,0.00045,0.0001,0.0004,0.0005,1,2026-09-02,Sierra Leone,0
2026-09-02T13:30:17+02:00,SEB,SOS/SEK,SOS,SEK,0.0166,0.0171,0.01685,0.0005,0.0166,0.0171,1,2026-09-02,Somali Rep,0
2026-09-02T13:30:17+02:00,SEB,SRD/SEK,SRD,SEK,0.2497,0.2562,0.25295,0.0065,0.2497,0.2562,1,2026-09-02,Surinam,0
2026-09-02T13:30:17+02:00,SEB,STN/SEK,STN,SEK,0.4441,0.4589,0.4515,0.0148,0.4441,0.4589,1,2026-09-02,Sao Tome & Principe,0
2026-09-02T13:30:17+02:00,SEB,SVC/SEK,SVC,SEK,1.0951,1.1098,1.10245,0.0147,1.0951,1.1098,1,2026-09-02,El Salvador,0
2026-09-02T13:30:17+02:00,SEB,SYP/SEK,SYP,SEK,0.0782,0.08,0.0791,0.0018,0.0782,0.08,1,2026-09-02,Syria,0
2026-09-02T13:30:17+02:00,SEB,SZL/SEK,SZL,SEK,0.595,0.6035,0.59925,0.0085,0.595,0.6035,1,2026-09-02,Swaziland,0
2026-09-02T13:30:17+02:00,SEB,THB/SEK,THB,SEK,0.28704,0.293,0.29002,0.00596,0.28704,0.293,1,2026-09-02,Thailand,0
2026-09-02T13:30:17+02:00,SEB,TMT/SEK,TMT,SEK,2.7369,2.7784,2.75765,0.0415,2.7369,2.7784,1,2026-09-02,Turkmenistan,0
2026-09-02T13:30:17+02:00,SEB,TND/SEK,TND,SEK,3.1312,3.4871,3.30915,0.3559,3.1312,3.4871,1,2026-09-02,Tunisia,0
2026-09-02T13:30:17+02:00,SEB,TOP/SEK,TOP,SEK,3.9331,4.224,4.07855,0.2909,3.9331,4.224,1,2026-09-02,Tonga Isl.,0
2026-09-02T13:30:17+02:00,SEB,TRY/SEK,TRY,SEK,0.19563,0.20374,0.199685,0.00811,0.19563,0.20374,1,2026-09-02,Turkey,0
2026-09-02T13:30:17+02:00,SEB,TTD/SEK,TTD,SEK,1.4053,1.4438,1.42455,0.0385,1.4053,1.4438,1,2026-09-02,Trinidad/Tobago,0
2026-09-02T13:30:17+02:00,SEB,TWD/SEK,TWD,SEK,0.2975637,0.3089226,0.303243,0.011359,0.2975637,0.3089226,1,2026-09-02,Taiwan,0
2026-09-02T13:30:17+02:00,SEB,TZS/SEK,TZS,SEK,0.003599,0.003693,0.003646,9.4e-05,0.003599,0.003693,1,2026-09-02,Tanzania,0
2026-09-02T13:30:17+02:00,SEB,UAH/SEK,UAH,SEK,0.203112,0.228368,0.21574,0.025256,0.203112,0.228368,1,2026-09-02,Ukraine,0
2026-09-02T13:30:17+02:00,SEB,UGX/SEK,UGX,SEK,0.0025,0.0026,0.00255,0.0001,0.0025,0.0026,1,2026-09-02,Uganda,0
2026-09-02T13:30:17+02:00,SEB,USD/SEK,USD,SEK,9.5806,9.7227,9.65165,0.1421,9.5806,9.7227,1,2026-09-02,USA,0
2026-09-02T13:30:17+02:00,SEB,UYU/SEK,UYU,SEK,0.2381,0.2414,0.23975,0.0033,0.2381,0.2414,1,2026-09-02,Uruguay,0
2026-09-02T13:30:17+02:00,SEB,UZS/SEK,UZS,SEK,0.00081,0.000823,0.000816,1.3e-05,0.00081,0.000823,1,2026-09-02,Uzbekistan,0
2026-09-02T13:30:17+02:00,SEB,VEF/SEK,VEF,SEK,3.855e-05,3.913e-05,3.9e-05,1e-06,3.855e-05,3.913e-05,1,2026-09-02,Venezuela,0
2026-09-02T13:30:17+02:00,SEB,VND/SEK,VND,SEK,0.00036573,0.00037428,0.00037,9e-06,0.00036573,0.00037428,1,2026-09-02,Vietnam,0
2026-09-02T13:30:17+02:00,SEB,VUV/SEK,VUV,SEK,0.0783,0.084,0.08115,0.0057,0.0783,0.084,1,2026-09-02,Vanuatu,0
2026-09-02T13:30:17+02:00,SEB,WST/SEK,WST,SEK,3.4582,3.7142,3.5862,0.256,3.4582,3.7142,1,2026-09-02,Western Samoa,0
2026-09-02T13:30:17+02:00,SEB,XAF/SEK,XAF,SEK,0.0163,0.0172,0.01675,0.0009,0.0163,0.0172,1,2026-09-02,Cameroon,0
2026-09-02T13:30:17+02:00,SEB,XCD/SEK,XCD,SEK,3.5268,3.6098,3.5683,0.083,3.5268,3.6098,1,2026-09-02,Antigua,0
2026-09-02T13:30:17+02:00,SEB,XCG/SEK,XCG,SEK,5.2708,5.4415,5.35615,0.1707,5.2708,5.4415,1,2026-09-02,Curacao/Sint Maarten,0
2026-09-02T13:30:17+02:00,SEB,XOF/SEK,XOF,SEK,0.0168,0.0173,0.01705,0.0005,0.0168,0.0173,1,2026-09-02,Benin,0
2026-09-02T13:30:17+02:00,SEB,XPF/SEK,XPF,SEK,0.0925,0.0945,0.0935,0.002,0.0925,0.0945,1,2026-09-02,French Pacific Isl.,0
2026-09-02T13:30:17+02:00,SEB,YER/SEK,YER,SEK,0.0404,0.0411,0.04075,0.0007,0.0404,0.0411,1,2026-09-02,Yemen,0
2026-09-02T13:30:17+02:00,SEB,ZAR/SEK,ZAR,SEK,0.5871,0.6114,0.59925,0.0243,0.5871,0.6114,1,2026-09-02,South Africa,0
2026-09-02T13:30:17+02:00,SEB,ZMW/SEK,ZMW,SEK,0.5029,0.5105,0.5067,0.0076,0.5029,0.5105,1,2026-09-02,Zambia,0
2026-09-02T13:30:17+02:00,Danske Bank,AUD/SEK,AUD,SEK,6.8398,6.9282,6.884,0.0884,6.8398,6.9282,1,11:59:59,Australiensiska dollar,0
2026-09-02T13:30:17+02:00,Danske Bank,BRL/SEK,BRL,SEK,1.8237,1.9245,1.8741,0.1008,1.8237,1.9245,1,11:59:59,Brasilianska real,0
2026-09-02T13:30:17+02:00,Danske Bank,CAD/SEK,CAD,SEK,6.8897,6.9777,6.9337,0.088,6.8897,6.9777,1,11:59:59,Kanadensiska dollar,0
2026-09-02T13:30:17+02:00,Danske Bank,CHF/SEK,CHF,SEK,11.7868,11.9245,11.85565,0.1377,11.7868,11.9245,1,11:59:59,Schweiziska franc,0
2026-09-02T13:30:17+02:00,Danske Bank,CNY/SEK,CNY,SEK,1.4223,1.4529,1.4376,0.0306,1.4223,1.4529,1,11:59:59,Kinesiska yuan,0
2026-09-02T13:30:17+02:00,Danske Bank,CZK/SEK,CZK,SEK,0.45725,0.46656,0.461905,0.00931,0.45725,0.46656,1,11:59:59,Tjeckiska koruna,0
2026-09-02T13:30:17+02:00,Danske Bank,DKK/SEK,DKK,SEK,1.4876,1.5042,1.4959,0.0166,1.4876,1.5042,1,11:59:59,Danska kronor,0
2026-09-02T13:30:17+02:00,Danske Bank,EUR/SEK,EUR,SEK,11.1154,11.249,11.1822,0.1336,11.1154,11.249,1,11:59:59,Euro,0
2026-09-02T13:30:17+02:00,Danske Bank,GBP/SEK,GBP,SEK,12.96,13.1058,13.0329,0.1458,12.96,13.1058,1,11:59:59,Pound sterling,0
2026-09-02T13:30:17+02:00,Danske Bank,HKD/SEK,HKD,SEK,1.2199,1.2444,1.23215,0.0245,1.2199,1.2444,1,11:59:59,Hong Kong dollar,0
2026-09-02T13:30:17+02:00,Danske Bank,HUF/SEK,HUF,SEK,0.02976,0.030788,0.030274,0.001028,0.02976,0.030788,1,11:59:59,Ungerska forint,0
2026-09-02T13:30:17+02:00,Danske Bank,ILS/SEK,ILS,SEK,3.0984,3.2568,3.1776,0.1584,3.0984,3.2568,1,11:59:59,Israelska new shekel,0
2026-09-02T13:30:17+02:00,Danske Bank,INR/SEK,INR,SEK,0.09842,0.10507,0.101745,0.00665,0.09842,0.10507,1,11:59:59,Indiska rupees,0
2026-09-02T13:30:17+02:00,Danske Bank,JPY/SEK,JPY,SEK,0.059937,0.060964,0.0604505,0.001027,0.059937,0.060964,1,11:59:59,Japanska yen,0
2026-09-02T13:30:17+02:00,Danske Bank,NOK/SEK,NOK,SEK,1.0267,1.0415,1.0341,0.0148,1.0267,1.0415,1,11:59:59,Norska kronor,0
2026-09-02T13:30:17+02:00,Danske Bank,NZD/SEK,NZD,SEK,5.5667,5.6548,5.61075,0.0881,5.5667,5.6548,1,11:59:59,Nya Zeeländska dollar,0
2026-09-02T13:30:17+02:00,Danske Bank,PLN/SEK,PLN,SEK,2.5506,2.6123,2.58145,0.0617,2.5506,2.6123,1,11:59:59,Polska zloty,0
2026-09-02T13:30:17+02:00,Danske Bank,SGD/SEK,SGD,SEK,7.5436,7.627,7.5853,0.0834,7.5436,7.627,1,11:59:59,Singapore dollar,0
2026-09-02T13:30:17+02:00,Danske Bank,THB/SEK,THB,SEK,0.28341,0.2966,0.290005,0.01319,0.28341,0.2966,1,11:59:59,Thailändska baht,0
2026-09-02T13:30:17+02:00,Danske Bank,TRY/SEK,TRY,SEK,0.18204,0.21813,0.200085,0.03609,0.18204,0.21813,1,11:59:59,Turkiska lira,0
2026-09-02T13:30:17+02:00,Danske Bank,USD/SEK,USD,SEK,9.5969,9.7302,9.66355,0.1333,9.5969,9.7302,1,11:59:59,Amerikanska dollar,0
2026-09-02T13:30:17+02:00,Danske Bank,ZAR/SEK,ZAR,SEK,0.58767,0.60807,0.59787,0.0204,0.58767,0.60807,1,11:59:59,Sydafrikanska rand,0
2026-09-02T13:30:17+02:00,Handelsbanken,EUR/SEK,EUR,SEK,,,11.1701,,11.1692,11.171,1,,EUR/SEK Spot,0
2026-09-02T13:30:17+02:00,Handelsbanken,USD/SEK,USD,SEK,,,9.6497,,9.6484,9.6511,1,,USD/SEK Spot,0
2026-09-02T13:30:17+02:00,Handelsbanken,GBP/SEK,GBP,SEK,,,13.016,,13.011,13.021,1,,GBP/SEK Spot,0
2026-09-02T13:30:17+02:00,Handelsbanken,JPY/SEK,JPY,SEK,,,6.038,,6.033,6.043,1,,JPY/SEK Spot,0
2026-09-02T13:30:17+02:00,Handelsbanken,CHF/SEK,CHF,SEK,,,11.8409,,11.8359,11.8459,1,,CHF/SEK Spot,0
2026-09-02T13:30:17+02:00,Handelsbanken,NOK/SEK,NOK,SEK,,,1.0335,,1.033,1.034,1,,NOK/SEK Spot,0
2026-09-02T13:30:17+02:00,Handelsbanken,DKK/SEK,DKK,SEK,,,1.4944,,1.4939,1.4949,1,,DKK/SEK Spot,0
2026-09-02T13:30:17+02:00,Handelsbanken,CAD/SEK,CAD,SEK,,,6.9281,,6.9231,6.9331,1,,CAD/SEK Spot,0
2026-09-02T13:30:17+02:00,Handelsbanken,AUD/SEK,AUD,SEK,,,6.8873,,6.8868,6.8878,1,,AUD/SEK Spot,0
2026-09-02T13:30:17+02:00,Handelsbanken,NZD/SEK,NZD,SEK,,,5.6176,,5.6171,5.6181,1,,NZD/SEK Spot,0
2026-09-02T13:30:17+02:00,Swedbank,AUD/SEK,AUD,SEK,6.8386,6.9399,6.88925,0.1013,6.8386,6.9399,1,2026-09-02,Australien,0
2026-09-02T13:30:17+02:00,Swedbank,DKK/SEK,DKK,SEK,1.4844,1.5062,1.4953,0.0218,1.4844,1.5062,1,2026-09-02,Danmark,0
2026-09-02T13:30:17+02:00,Swedbank,EUR/SEK,EUR,SEK,11.0958,11.2592,11.1775,0.1634,11.0958,11.2592,1,2026-09-02,Euro,0
2026-09-02T13:30:17+02:00,Swedbank,HKD/SEK,HKD,SEK,1.216,1.247,1.2315,0.031,1.216,1.247,1,2026-09-02,Hong Kong,0
2026-09-02T13:30:17+02:00,Swedbank,INR/SEK,INR,SEK,0.0991,0.1043,0.1017,0.0052,0.0991,0.1043,1,2026-09-02,Indien,0
2026-09-02T13:30:17+02:00,Swedbank,JPY/SEK,JPY,SEK,0.06,0.0608,0.0604,0.0008,0.06,0.0608,1,2026-09-02,Japan,0
2026-09-02T13:30:17+02:00,Swedbank,CAD/SEK,CAD,SEK,6.8827,6.9846,6.93365,0.1019,6.8827,6.9846,1,2026-09-02,Kanada,0
2026-09-02T13:30:17+02:00,Swedbank,CNY/SEK,CNY,SEK,1.4172,1.4562,1.4367,0.039,1.4172,1.4562,1,2026-09-02,Kina,0
2026-09-02T13:30:17+02:00,Swedbank,MXN/SEK,MXN,SEK,0.5602,0.5747,0.56745,0.0145,0.5602,0.5747,1,2026-09-02,Mexiko,0
2026-09-02T13:30:17+02:00,Swedbank,NOK/SEK,NOK,SEK,1.0269,1.0422,1.03455,0.0153,1.0269,1.0422,1,2026-09-02,Norge,0
2026-09-02T13:30:17+02:00,Swedbank,NZD/SEK,NZD,SEK,5.5779,5.6611,5.6195,0.0832,5.5779,5.6611,1,2026-09-02,Nya Zeeland,0
2026-09-02T13:30:17+02:00,Swedbank,PLN/SEK,PLN,SEK,2.5608,2.5993,2.58005,0.0385,2.5608,2.5993,1,2026-09-02,Polen,0
2026-09-02T13:30:17+02:00,Swedbank,CHF/SEK,CHF,SEK,11.7636,11.9374,11.8505,0.1738,11.7636,11.9374,1,2026-09-02,Schweiz,0
2026-09-02T13:30:17+02:00,Swedbank,SGD/SEK,SGD,SEK,7.5264,7.638,7.5822,0.1116,7.5264,7.638,1,2026-09-02,Singapore,0
2026-09-02T13:30:17+02:00,Swedbank,GBP/SEK,GBP,SEK,12.9279,13.1191,13.0235,0.1912,12.9279,13.1191,1,2026-09-02,Storbritannien,0
2026-09-02T13:30:17+02:00,Swedbank,ZAR/SEK,ZAR,SEK,0.5907,0.6059,0.5983,0.0152,0.5907,0.6059,1,2026-09-02,Sydafrika,0
2026-09-02T13:30:17+02:00,Swedbank,THB/SEK,THB,SEK,0.2862,0.294,0.2901,0.0078,0.2862,0.294,1,2026-09-02,Thailand,0
2026-09-02T13:30:17+02:00,Swedbank,CZK/SEK,CZK,SEK,0.4584,0.4653,0.46185,0.0069,0.4584,0.4653,1,2026-09-02,Tjeckien,0
2026-09-02T13:30:17+02:00,Swedbank,TRY/SEK,TRY,SEK,0.1972,0.2024,0.1998,0.0052,0.1972,0.2024,1,2026-09-02,Turkiet,0
2026-09-02T13:30:17+02:00,Swedbank,HUF/SEK,HUF,SEK,0.0299,0.0307,0.0303,0.0008,0.0299,0.0307,1,2026-09-02,Ungern,0
2026-09-02T13:30:17+02:00,Swedbank,USD/SEK,USD,SEK,9.5879,9.7293,9.6586,0.1414,9.5879,9.7293,1,2026-09-02,USA,0
2026-09-02T13:30:17+02:00,Swedbank (Privat),AUD/SEK,AUD,SEK,6.8261,6.9273,6.8767,0.1012,6.8261,6.9273,1,2026-09-02,Australien,0
2026-09-02T13:30:17+02:00,Swedbank (Privat),DKK/SEK,DKK,SEK,1.4829,1.5047,1.4938,0.0218,1.4829,1.5047,1,2026-09-02,Danmark,0
2026-09-02T13:30:17+02:00,Swedbank (Privat),EUR/SEK,EUR,SEK,11.0847,11.2481,11.1664,0.1634,11.0847,11.2481,1,2026-09-02,Euro,0
2026-09-02T13:30:17+02:00,Swedbank (Privat),HKD/SEK,HKD,SEK,1.2147,1.2457,1.2302,0.031,1.2147,1.2457,1,2026-09-02,Hong Kong,0
2026-09-02T13:30:17+02:00,Swedbank (Privat),INR/SEK,INR,SEK,0.099,0.1042,0.1016,0.0052,0.099,0.1042,1,2026-09-02,Indien,0
2026-09-02T13:30:17+02:00,Swedbank (Privat),JPY/SEK,JPY,SEK,0.0599,0.0608,0.06035,0.0009,0.0599,0.0608,1,2026-09-02,Japan,0
2026-09-02T13:30:17+02:00,Swedbank (Privat),CAD/SEK,CAD,SEK,6.8726,6.9744,6.9235,0.1018,6.8726,6.9744,1,2026-09-02,Kanada,0
2026-09-02T13:30:17+02:00,Swedbank (Privat),CNY/SEK,CNY,SEK,1.4156,1.4547,1.43515,0.0391,1.4156,1.4547,1,2026-09-02,Kina,0
2026-09-02T13:30:17+02:00,Swedbank (Privat),MXN/SEK,MXN,SEK,0.5599,0.5743,0.5671,0.0144,0.5599,0.5743,1,2026-09-02,Mexiko,0
2026-09-02T13:30:17+02:00,Swedbank (Privat),NOK/SEK,NOK,SEK,1.0257,1.041,1.03335,0.0153,1.0257,1.041,1,2026-09-02,Norge,0
2026-09-02T13:30:17+02:00,Swedbank (Privat),NZD/SEK,NZD,SEK,5.5634,5.6466,5.605,0.0832,5.5634,5.6466,1,2026-09-02,Nya Zeeland,0
2026-09-02T13:30:17+02:00,Swedbank (Privat),PLN/SEK,PLN,SEK,2.5586,2.5971,2.57785,0.0385,2.5586,2.5971,1,2026-09-02,Polen,0
2026-09-02T13:30:17+02:00,Swedbank (Privat),CHF/SEK,CHF,SEK,11.7546,11.9284,11.8415,0.1738,11.7546,11.9284,1,2026-09-02,Schweiz,0
2026-09-02T13:30:17+02:00,Swedbank (Privat),SGD/SEK,SGD,SEK,7.5183,7.6298,7.57405,0.1115,7.5183,7.6298,1,2026-09-02,Singapore,0
2026-09-02T13:30:17+02:00,Swedbank (Privat),GBP/SEK,GBP,SEK,12.9308,13.1224,13.0266,0.1916,12.9308,13.1224,1,2026-09-02,Storbritannien,0
2026-09-02T13:30:17+02:00,Swedbank (Privat),ZAR/SEK,ZAR,SEK,0.5897,0.6049,0.5973,0.0152,0.5897,0.6049,1,2026-09-02,Sydafrika,0
2026-09-02T13:30:17+02:00,Swedbank (Privat),THB/SEK,THB,SEK,0.2857,0.2934,0.28955,0.0077,0.2857,0.2934,1,2026-09-02,Thailand,0
2026-09-02T13:30:17+02:00,Swedbank (Privat),CZK/SEK,CZK,SEK,0.4578,0.4647,0.46125,0.0069,0.4578,0.4647,1,2026-09-02,Tjeckien,0
2026-09-02T13:30:17+02:00,Swedbank (Privat),TRY/SEK,TRY,SEK,0.197,0.2022,0.1996,0.0052,0.197,0.2022,1,2026-09-02,Turkiet,0
2026-09-02T13:30:17+02:00,Swedbank (Privat),HUF/SEK,HUF,SEK,0.0298,0.0306,0.0302,0.0008,0.0298,0.0306,1,2026-09-02,Ungern,0
2026-09-02T13:30:17+02:00,Swedbank (Privat),USD/SEK,USD,SEK,9.5782,9.7196,9.6489,0.1414,9.5782,9.7196,1,2026-09-02,USA,0
